,name,album,release_date,track_number,id,uri
0,Welcome To New York (Taylor's Version),1989 (Taylor's Version) [Deluxe],27/10/2023,1,4WUepByoeqcedHoYhSNHRt,spotify:track:4WUepByoeqcedHoYhSNHRt
1,Blank Space (Taylor's Version),1989 (Taylor's Version) [Deluxe],27/10/2023,2,0108kcWLnn2HlH2kedi1gn,spotify:track:0108kcWLnn2HlH2kedi1gn
2,Style (Taylor's Version),1989 (Taylor's Version) [Deluxe],27/10/2023,3,3Vpk1hfMAQme8VJ0SNRSkd,spotify:track:3Vpk1hfMAQme8VJ0SNRSkd
3,Out Of The Woods (Taylor's Version),1989 (Taylor's Version) [Deluxe],27/10/2023,4,1OcSfkeCg9hRC2sFKB4IMJ,spotify:track:1OcSfkeCg9hRC2sFKB4IMJ
4,All You Had To Do Was Stay (Taylor's Version),1989 (Taylor's Version) [Deluxe],27/10/2023,5,2k0ZEeAqzvYMcx9Qt5aClQ,spotify:track:2k0ZEeAqzvYMcx9Qt5aClQ
5,Shake It Off (Taylor's Version),1989 (Taylor's Version) [Deluxe],27/10/2023,6,50yNTF0Od55qnHLxYsA5Pw,spotify:track:50yNTF0Od55qnHLxYsA5Pw
6,I Wish You Would (Taylor's Version),1989 (Taylor's Version) [Deluxe],27/10/2023,7,3FxJDucHWdw6caWTKO5b23,spotify:track:3FxJDucHWdw6caWTKO5b23
7,Bad Blood (Taylor's Version),1989 (Taylor's Version) [Deluxe],27/10/2023,8,7oZONwFiFIErZcXAtTu7FY,spotify:track:7oZONwFiFIErZcXAtTu7FY
8,Wildest Dreams (Taylor's Version),1989 (Taylor's Version) [Deluxe],27/10/2023,9,27exgla7YBw9DUNNcTIpjy,spotify:track:27exgla7YBw9DUNNcTIpjy
9,How You Get The Girl (Taylor's Version),1989 (Taylor's Version) [Deluxe],27/10/2023,10,733OhaXQIHY7BKtY3vnSkn,spotify:track:733OhaXQIHY7BKtY3vnSkn
10,This Love (Taylor’s Version),1989 (Taylor's Version) [Deluxe],27/10/2023,11,4WBEj8TeGtRPNJdOmT3WJW,spotify:track:4WBEj8TeGtRPNJdOmT3WJW
11,I Know Places (Taylor's Version),1989 (Taylor's Version) [Deluxe],27/10/2023,12,1ULabO0PEsdJekqVH6G10G,spotify:track:1ULabO0PEsdJekqVH6G10G
12,Clean (Taylor's Version),1989 (Taylor's Version) [Deluxe],27/10/2023,13,0lKUBmEyQfzsQHozyeXzES,spotify:track:0lKUBmEyQfzsQHozyeXzES
13,Wonderland (Taylor's Version),1989 (Taylor's Version) [Deluxe],27/10/2023,14,6HRsJu8vcnzYDN4t0570FY,spotify:track:6HRsJu8vcnzYDN4t0570FY
14,You Are In Love (Taylor's Version),1989 (Taylor's Version) [Deluxe],27/10/2023,15,0TyGh27YQ5LknmiDhCzJiT,spotify:track:0TyGh27YQ5LknmiDhCzJiT
15,New Romantics (Taylor's Version),1989 (Taylor's Version) [Deluxe],27/10/2023,16,5M787RexsAiVYjQusM98CV,spotify:track:5M787RexsAiVYjQusM98CV
16,"""Slut!"" (Taylor's Version) (From The Vault)",1989 (Taylor's Version) [Deluxe],27/10/2023,17,0CD7DzeCsuPJygddqlUVYa,spotify:track:0CD7DzeCsuPJygddqlUVYa
17,Say Don't Go (Taylor's Version) (From The Vault),1989 (Taylor's Version) [Deluxe],27/10/2023,18,3CCRVu4F91Qp2mnGjmWBrf,spotify:track:3CCRVu4F91Qp2mnGjmWBrf
18,Now That We Don't Talk (Taylor's Version) (From The Vault),1989 (Taylor's Version) [Deluxe],27/10/2023,19,5QUIK7ZtziW8kGWo8RqopF,spotify:track:5QUIK7ZtziW8kGWo8RqopF
19,Suburban Legends (Taylor's Version) (From The Vault),1989 (Taylor's Version) [Deluxe],27/10/2023,20,6M9ppdfFjR1AbpUl3Y8DcV,spotify:track:6M9ppdfFjR1AbpUl3Y8DcV
20,Is It Over Now? (Taylor's Version) (From The Vault),1989 (Taylor's Version) [Deluxe],27/10/2023,21,6IG3sQ8s9nfk6TUlVzRhbN,spotify:track:6IG3sQ8s9nfk6TUlVzRhbN
21,Bad Blood (feat. Kendrick Lamar) (Taylor's Version),1989 (Taylor's Version) [Deluxe],27/10/2023,22,6qAcApH8obo8eqatCKUHd9,spotify:track:6qAcApH8obo8eqatCKUHd9
22,Welcome To New York (Taylor's Version),1989 (Taylor's Version),26/10/2023,1,1hR8BSuEqPCCZfv93zzzz9,spotify:track:1hR8BSuEqPCCZfv93zzzz9
23,Blank Space (Taylor's Version),1989 (Taylor's Version),26/10/2023,2,45wMBGri1PORPjM9PwFfrS,spotify:track:45wMBGri1PORPjM9PwFfrS
24,Style (Taylor's Version),1989 (Taylor's Version),26/10/2023,3,1hjRhYpWyqDpPahmSlUTlc,spotify:track:1hjRhYpWyqDpPahmSlUTlc
25,Out Of The Woods (Taylor's Version),1989 (Taylor's Version),26/10/2023,4,045ZeOHPIzhxxsm8bq5kyE,spotify:track:045ZeOHPIzhxxsm8bq5kyE
26,All You Had To Do Was Stay (Taylor's Version),1989 (Taylor's Version),26/10/2023,5,6GXgd1BPD9bUpqw5AntGV5,spotify:track:6GXgd1BPD9bUpqw5AntGV5
27,Shake It Off (Taylor's Version),1989 (Taylor's Version),26/10/2023,6,3pv7Q5v2dpdefwdWIvE7yH,spotify:track:3pv7Q5v2dpdefwdWIvE7yH
28,I Wish You Would (Taylor's Version),1989 (Taylor's Version),26/10/2023,7,43y1WpBdnEy5TR9aZoSQL9,spotify:track:43y1WpBdnEy5TR9aZoSQL9
29,Bad Blood (Taylor's Version),1989 (Taylor's Version),26/10/2023,8,64FzgoLZ3oXu2SriZblHic,spotify:track:64FzgoLZ3oXu2SriZblHic
30,Wildest Dreams (Taylor's Version),1989 (Taylor's Version),26/10/2023,9,1K39ty6o1sHwwlZwO6a7wK,spotify:track:1K39ty6o1sHwwlZwO6a7wK
31,How You Get The Girl (Taylor's Version),1989 (Taylor's Version),26/10/2023,10,75W3SngKzTuoQ94uLf3y82,spotify:track:75W3SngKzTuoQ94uLf3y82
32,This Love (Taylor’s Version),1989 (Taylor's Version),26/10/2023,11,5QVVjX0ZItqlVpEuVCM9Yg,spotify:track:5QVVjX0ZItqlVpEuVCM9Yg
33,I Know Places (Taylor's Version),1989 (Taylor's Version),26/10/2023,12,2f0GI2ZLUtbGqFx8t2Gk6A,spotify:track:2f0GI2ZLUtbGqFx8t2Gk6A
34,Clean (Taylor's Version),1989 (Taylor's Version),26/10/2023,13,2ByBBvpR9b7IynvRmnG7kG,spotify:track:2ByBBvpR9b7IynvRmnG7kG
35,Wonderland (Taylor's Version),1989 (Taylor's Version),26/10/2023,14,2ve0kuaWUCt4Zx8x4bf1MR,spotify:track:2ve0kuaWUCt4Zx8x4bf1MR
36,You Are In Love (Taylor's Version),1989 (Taylor's Version),26/10/2023,15,4UwqOWDpdeIDVQDuKT6iza,spotify:track:4UwqOWDpdeIDVQDuKT6iza
37,New Romantics (Taylor's Version),1989 (Taylor's Version),26/10/2023,16,2vPMoMDXxu9uX1igWZmXSG,spotify:track:2vPMoMDXxu9uX1igWZmXSG
38,"""Slut!"" (Taylor's Version) (From The Vault)",1989 (Taylor's Version),26/10/2023,17,71BqAINEnezjQfxE4VuJfq,spotify:track:71BqAINEnezjQfxE4VuJfq
39,Say Don't Go (Taylor's Version) (From The Vault),1989 (Taylor's Version),26/10/2023,18,4NioO5R9sHEZh4cGzMHyNt,spotify:track:4NioO5R9sHEZh4cGzMHyNt
40,Now That We Don't Talk (Taylor's Version) (From The Vault),1989 (Taylor's Version),26/10/2023,19,5KD6AEm19QnMbfWpfoOHMl,spotify:track:5KD6AEm19QnMbfWpfoOHMl
41,Suburban Legends (Taylor's Version) (From The Vault),1989 (Taylor's Version),26/10/2023,20,6T0sEnqjmHISIKwFETeeiP,spotify:track:6T0sEnqjmHISIKwFETeeiP
42,Is It Over Now? (Taylor's Version) (From The Vault),1989 (Taylor's Version),26/10/2023,21,1Iq8oo9XkmmvCQiGOfORiz,spotify:track:1Iq8oo9XkmmvCQiGOfORiz
43,Mine (Taylor's Version),Speak Now (Taylor's Version),07/07/2023,1,7G0gBu6nLdhFDPRLc0HdDG,spotify:track:7G0gBu6nLdhFDPRLc0HdDG
44,Sparks Fly (Taylor’s Version),Speak Now (Taylor's Version),07/07/2023,2,3MytWN8L7shNYzGl4tAKRp,spotify:track:3MytWN8L7shNYzGl4tAKRp
45,Back To December (Taylor's Version),Speak Now (Taylor's Version),07/07/2023,3,79uDOz0zuuWS7HWxzMmTa2,spotify:track:79uDOz0zuuWS7HWxzMmTa2
46,Speak Now (Taylor's Version),Speak Now (Taylor's Version),07/07/2023,4,5xXqyjLicvEpch72qEryFT,spotify:track:5xXqyjLicvEpch72qEryFT
47,Dear John (Taylor's Version),Speak Now (Taylor's Version),07/07/2023,5,1zU8j1x3yi9xalMF96pzKp,spotify:track:1zU8j1x3yi9xalMF96pzKp
48,Mean (Taylor's Version),Speak Now (Taylor's Version),07/07/2023,6,30Y4CV7A6YqtQtTTo7Ue4j,spotify:track:30Y4CV7A6YqtQtTTo7Ue4j
49,The Story Of Us (Taylor's Version),Speak Now (Taylor's Version),07/07/2023,7,6dTA6y0C2ReQklntzZl8l3,spotify:track:6dTA6y0C2ReQklntzZl8l3
50,Never Grow Up (Taylor's Version),Speak Now (Taylor's Version),07/07/2023,8,2EFZ9emtKWEglWUQGEQ3P9,spotify:track:2EFZ9emtKWEglWUQGEQ3P9
51,Enchanted (Taylor's Version),Speak Now (Taylor's Version),07/07/2023,9,3sW3oSbzsfecv9XoUdGs7h,spotify:track:3sW3oSbzsfecv9XoUdGs7h
52,Better Than Revenge (Taylor's Version),Speak Now (Taylor's Version),07/07/2023,10,0NwGC0v03ysCYINtg6ns58,spotify:track:0NwGC0v03ysCYINtg6ns58
53,Innocent (Taylor's Version),Speak Now (Taylor's Version),07/07/2023,11,12nBPF4Rh4XLFJV0YLN7uj,spotify:track:12nBPF4Rh4XLFJV0YLN7uj
54,Haunted (Taylor's Version),Speak Now (Taylor's Version),07/07/2023,12,4tMzIAFTFdqGBQLdfbPces,spotify:track:4tMzIAFTFdqGBQLdfbPces
55,Last Kiss (Taylor's Version),Speak Now (Taylor's Version),07/07/2023,13,59KOoHFcw5XfICnO57holu,spotify:track:59KOoHFcw5XfICnO57holu
56,Long Live (Taylor's Version),Speak Now (Taylor's Version),07/07/2023,14,4hqJ4bSlYJOXb6Z4SRmzxs,spotify:track:4hqJ4bSlYJOXb6Z4SRmzxs
57,Ours (Taylor’s Version),Speak Now (Taylor's Version),07/07/2023,15,3yNJkriPzWjkkDAWHIAVUq,spotify:track:3yNJkriPzWjkkDAWHIAVUq
58,Superman (Taylor’s Version),Speak Now (Taylor's Version),07/07/2023,16,4evLyY5Ue1Wesc61t2KXAU,spotify:track:4evLyY5Ue1Wesc61t2KXAU
59,Electric Touch (feat. Fall Out Boy) (Taylor’s Version) (From The Vault),Speak Now (Taylor's Version),07/07/2023,17,4e3ZNTAV6PCrdYMUrUlMpQ,spotify:track:4e3ZNTAV6PCrdYMUrUlMpQ
60,When Emma Falls in Love (Taylor’s Version) (From The Vault),Speak Now (Taylor's Version),07/07/2023,18,0zo975x58DlXbZllWvfYhg,spotify:track:0zo975x58DlXbZllWvfYhg
61,I Can See You (Taylor’s Version) (From The Vault),Speak Now (Taylor's Version),07/07/2023,19,5kHMfzgLZP95O9NBy0ku4v,spotify:track:5kHMfzgLZP95O9NBy0ku4v
62,Castles Crumbling (feat. Hayley Williams) (Taylor’s Version) (From The Vault),Speak Now (Taylor's Version),07/07/2023,20,4ABYxlb92WBIjHu7TIKmml,spotify:track:4ABYxlb92WBIjHu7TIKmml
63,Foolish One (Taylor’s Version) (From The Vault),Speak Now (Taylor's Version),07/07/2023,21,4s8BIKx4Zh6ryAEz8RTlaU,spotify:track:4s8BIKx4Zh6ryAEz8RTlaU
64,Timeless (Taylor’s Version) (From The Vault),Speak Now (Taylor's Version),07/07/2023,22,1HCdems7PQZRj42QDWLA0A,spotify:track:1HCdems7PQZRj42QDWLA0A
65,Lavender Haze,Midnights (The Til Dawn Edition),26/05/2023,1,24emu3sabKISjRkrys28jq,spotify:track:24emu3sabKISjRkrys28jq
66,Maroon,Midnights (The Til Dawn Edition),26/05/2023,2,6qxvy9Pe4RJIq5JBVbbwbS,spotify:track:6qxvy9Pe4RJIq5JBVbbwbS
67,Anti-Hero,Midnights (The Til Dawn Edition),26/05/2023,3,5qIHFdkW6phMsTZlN2g8Lc,spotify:track:5qIHFdkW6phMsTZlN2g8Lc
68,Snow On The Beach (feat. Lana Del Rey),Midnights (The Til Dawn Edition),26/05/2023,4,7GA86Uo2jYbj8vIXe2nyWd,spotify:track:7GA86Uo2jYbj8vIXe2nyWd
69,"You're On Your Own, Kid",Midnights (The Til Dawn Edition),26/05/2023,5,6PQOU00xWNrGwCZzboriXy,spotify:track:6PQOU00xWNrGwCZzboriXy
70,Midnight Rain,Midnights (The Til Dawn Edition),26/05/2023,6,4eKMqf9ZMSclDX7V9Ptg7x,spotify:track:4eKMqf9ZMSclDX7V9Ptg7x
71,Question...?,Midnights (The Til Dawn Edition),26/05/2023,7,7oomkQSYf1ia2VnVEWfFIU,spotify:track:7oomkQSYf1ia2VnVEWfFIU
72,Vigilante Shit,Midnights (The Til Dawn Edition),26/05/2023,8,0GKDhq6ZbmSbRHd3eyGlB7,spotify:track:0GKDhq6ZbmSbRHd3eyGlB7
73,Bejeweled,Midnights (The Til Dawn Edition),26/05/2023,9,0VpF6RLdCfPIeYRwMu4tZK,spotify:track:0VpF6RLdCfPIeYRwMu4tZK
74,Labyrinth,Midnights (The Til Dawn Edition),26/05/2023,10,4bBDkw2KBMX0tcgAaXC83Q,spotify:track:4bBDkw2KBMX0tcgAaXC83Q
75,Karma,Midnights (The Til Dawn Edition),26/05/2023,11,45R112Jz5hQeKgITXgSXzs,spotify:track:45R112Jz5hQeKgITXgSXzs
76,Sweet Nothing,Midnights (The Til Dawn Edition),26/05/2023,12,2L09RYwH5Pjzca6PmbUAw3,spotify:track:2L09RYwH5Pjzca6PmbUAw3
77,Mastermind,Midnights (The Til Dawn Edition),26/05/2023,13,1QQii3pa5m8MEda0nbkjfw,spotify:track:1QQii3pa5m8MEda0nbkjfw
78,The Great War,Midnights (The Til Dawn Edition),26/05/2023,14,2VuqMjgoKaOHNM8HpxtXKx,spotify:track:2VuqMjgoKaOHNM8HpxtXKx
79,Bigger Than The Whole Sky,Midnights (The Til Dawn Edition),26/05/2023,15,71CBDRKmF2VeRKYMG1DFBh,spotify:track:71CBDRKmF2VeRKYMG1DFBh
80,Paris,Midnights (The Til Dawn Edition),26/05/2023,16,5tWxKWq1DSP1s9WQ5PWuqu,spotify:track:5tWxKWq1DSP1s9WQ5PWuqu
81,High Infidelity,Midnights (The Til Dawn Edition),26/05/2023,17,1SztNGCwEHJEVFx90E5g7D,spotify:track:1SztNGCwEHJEVFx90E5g7D
82,Glitch,Midnights (The Til Dawn Edition),26/05/2023,18,7C0w28EsX0Um2FrZs9gso2,spotify:track:7C0w28EsX0Um2FrZs9gso2
83,"Would've, Could've, Should've",Midnights (The Til Dawn Edition),26/05/2023,19,4txojlesMFQZGWxwz2EeqB,spotify:track:4txojlesMFQZGWxwz2EeqB
84,Dear Reader,Midnights (The Til Dawn Edition),26/05/2023,20,10GRRCR5fctuOF4GFmATJI,spotify:track:10GRRCR5fctuOF4GFmATJI
85,Hits Different,Midnights (The Til Dawn Edition),26/05/2023,21,3xYJScVfxByb61dYHTwiby,spotify:track:3xYJScVfxByb61dYHTwiby
86,Snow On The Beach (feat. More Lana Del Rey),Midnights (The Til Dawn Edition),26/05/2023,22,4zmKGsrXjLmljb5fTaBTot,spotify:track:4zmKGsrXjLmljb5fTaBTot
87,Karma (feat. Ice Spice),Midnights (The Til Dawn Edition),26/05/2023,23,4i6cwNY6oIUU2XZxPIw82Y,spotify:track:4i6cwNY6oIUU2XZxPIw82Y
88,Lavender Haze,Midnights (3am Edition),22/10/2022,1,4g2c7NoTWAOSYDy44l9nub,spotify:track:4g2c7NoTWAOSYDy44l9nub
89,Maroon,Midnights (3am Edition),22/10/2022,2,199E1RRrVmVTQqBXih5qRC,spotify:track:199E1RRrVmVTQqBXih5qRC
90,Anti-Hero,Midnights (3am Edition),22/10/2022,3,02Zkkf2zMkwRGQjZ7T4p8f,spotify:track:02Zkkf2zMkwRGQjZ7T4p8f
91,Snow On The Beach (feat. Lana Del Rey),Midnights (3am Edition),22/10/2022,4,6ADDIJxxqzM9LMpm78yzQG,spotify:track:6ADDIJxxqzM9LMpm78yzQG
92,"You're On Your Own, Kid",Midnights (3am Edition),22/10/2022,5,7gVWKBcfIW93YxNBi3ApIE,spotify:track:7gVWKBcfIW93YxNBi3ApIE
93,Midnight Rain,Midnights (3am Edition),22/10/2022,6,6Nl7KyvjkFncGsjB49SxLl,spotify:track:6Nl7KyvjkFncGsjB49SxLl
94,Question...?,Midnights (3am Edition),22/10/2022,7,6C7OF1Jal7YkyjzyUG8vkK,spotify:track:6C7OF1Jal7YkyjzyUG8vkK
95,Vigilante Shit,Midnights (3am Edition),22/10/2022,8,5yeuXkukVGuix3vmLu2BPJ,spotify:track:5yeuXkukVGuix3vmLu2BPJ
96,Bejeweled,Midnights (3am Edition),22/10/2022,9,0jvo9CjnbR0lYUDTSNTMiu,spotify:track:0jvo9CjnbR0lYUDTSNTMiu
97,Labyrinth,Midnights (3am Edition),22/10/2022,10,43q586vP8gGkYypKoSddhl,spotify:track:43q586vP8gGkYypKoSddhl
98,Karma,Midnights (3am Edition),22/10/2022,11,5oqDgw5VGBln5dSIOPWyBq,spotify:track:5oqDgw5VGBln5dSIOPWyBq
99,Sweet Nothing,Midnights (3am Edition),22/10/2022,12,3zmwONxswBAzGwExPugSLN,spotify:track:3zmwONxswBAzGwExPugSLN
100,Mastermind,Midnights (3am Edition),22/10/2022,13,56hioFjQ0DXrdn04hZcFgG,spotify:track:56hioFjQ0DXrdn04hZcFgG
101,The Great War,Midnights (3am Edition),22/10/2022,14,3UMrglJeju5yWyYIW6o99b,spotify:track:3UMrglJeju5yWyYIW6o99b
102,Bigger Than The Whole Sky,Midnights (3am Edition),22/10/2022,15,0BiqmkasE5FdrChwKfVp8X,spotify:track:0BiqmkasE5FdrChwKfVp8X
103,Paris,Midnights (3am Edition),22/10/2022,16,7712gjoih4QoDbXpljEk21,spotify:track:7712gjoih4QoDbXpljEk21
104,High Infidelity,Midnights (3am Edition),22/10/2022,17,5kiZGSxgqPdv6rbqL9THdd,spotify:track:5kiZGSxgqPdv6rbqL9THdd
105,Glitch,Midnights (3am Edition),22/10/2022,18,6wAFvJPpTZVirBKGZ4EnMW,spotify:track:6wAFvJPpTZVirBKGZ4EnMW
106,"Would've, Could've, Should've",Midnights (3am Edition),22/10/2022,19,0aV5uARAknQgYhBaK944FP,spotify:track:0aV5uARAknQgYhBaK944FP
107,Dear Reader,Midnights (3am Edition),22/10/2022,20,3QF5RsWzK1lCvf2o2cY65P,spotify:track:3QF5RsWzK1lCvf2o2cY65P
108,Lavender Haze,Midnights,21/10/2022,1,5jQI2r1RdgtuT8S3iG8zFC,spotify:track:5jQI2r1RdgtuT8S3iG8zFC
109,Maroon,Midnights,21/10/2022,2,3eX0NZfLtGzoLUxPNvRfqm,spotify:track:3eX0NZfLtGzoLUxPNvRfqm
110,Anti-Hero,Midnights,21/10/2022,3,0V3wPSX9ygBnCm8psDIegu,spotify:track:0V3wPSX9ygBnCm8psDIegu
111,Snow On The Beach (feat. Lana Del Rey),Midnights,21/10/2022,4,1wtOxkiel43cVs0Yux5Q4h,spotify:track:1wtOxkiel43cVs0Yux5Q4h
112,"You're On Your Own, Kid",Midnights,21/10/2022,5,4D7BCuvgdJlYvlX5WlN54t,spotify:track:4D7BCuvgdJlYvlX5WlN54t
113,Midnight Rain,Midnights,21/10/2022,6,3rWDp9tBPQR9z6U5YyRSK4,spotify:track:3rWDp9tBPQR9z6U5YyRSK4
114,Question...?,Midnights,21/10/2022,7,0heeNYlwOGuUSe7TgUD27B,spotify:track:0heeNYlwOGuUSe7TgUD27B
115,Vigilante Shit,Midnights,21/10/2022,8,1xwAWUI6Dj0WGC3KiUPN0O,spotify:track:1xwAWUI6Dj0WGC3KiUPN0O
116,Bejeweled,Midnights,21/10/2022,9,3qoftcUZaUOncvIYjFSPdE,spotify:track:3qoftcUZaUOncvIYjFSPdE
117,Labyrinth,Midnights,21/10/2022,10,0A1JLUlkZkp2EFrosoNQi0,spotify:track:0A1JLUlkZkp2EFrosoNQi0
118,Karma,Midnights,21/10/2022,11,7KokYm8cMIXCsGVmUvKtqf,spotify:track:7KokYm8cMIXCsGVmUvKtqf
119,Sweet Nothing,Midnights,21/10/2022,12,0wavGRldH0AWyu2zvTz8zb,spotify:track:0wavGRldH0AWyu2zvTz8zb
120,Mastermind,Midnights,21/10/2022,13,7FmYn9e7KHMXcxqGSj9LjH,spotify:track:7FmYn9e7KHMXcxqGSj9LjH
121,State Of Grace (Taylor's Version),Red (Taylor's Version),12/11/2021,1,6lzc0Al0zfZOIFsFvBS1ki,spotify:track:6lzc0Al0zfZOIFsFvBS1ki
122,Red (Taylor's Version),Red (Taylor's Version),12/11/2021,2,4OAuvHryIVv4kMDNSLuPt6,spotify:track:4OAuvHryIVv4kMDNSLuPt6
123,Treacherous (Taylor's Version),Red (Taylor's Version),12/11/2021,3,3S7HNKPakdwNEBFIVTL6dZ,spotify:track:3S7HNKPakdwNEBFIVTL6dZ
124,I Knew You Were Trouble (Taylor's Version),Red (Taylor's Version),12/11/2021,4,6AtZLIzUINvExIUy4QhdjP,spotify:track:6AtZLIzUINvExIUy4QhdjP
125,All Too Well (Taylor's Version),Red (Taylor's Version),12/11/2021,5,3nsfB1vus2qaloUdcBZvDu,spotify:track:3nsfB1vus2qaloUdcBZvDu
126,22 (Taylor's Version),Red (Taylor's Version),12/11/2021,6,3yII7UwgLF6K5zW3xad3MP,spotify:track:3yII7UwgLF6K5zW3xad3MP
127,I Almost Do (Taylor's Version),Red (Taylor's Version),12/11/2021,7,2r9CbjYgFhtAmcFv1cSquB,spotify:track:2r9CbjYgFhtAmcFv1cSquB
128,We Are Never Ever Getting Back Together (Taylor's Version),Red (Taylor's Version),12/11/2021,8,5YqltLsjdqFtvqE7Nrysvs,spotify:track:5YqltLsjdqFtvqE7Nrysvs
129,Stay Stay Stay (Taylor's Version),Red (Taylor's Version),12/11/2021,9,7eQj6r5PIdYKEIZjucBMcq,spotify:track:7eQj6r5PIdYKEIZjucBMcq
130,The Last Time (feat. Gary Lightbody of Snow Patrol) (Taylor’s Version),Red (Taylor's Version),12/11/2021,10,0y6kdSRCVQhSsHSpWvTUm7,spotify:track:0y6kdSRCVQhSsHSpWvTUm7
131,Holy Ground (Taylor's Version),Red (Taylor's Version),12/11/2021,11,7J4b3LVCIGO4CMBDFLPoP6,spotify:track:7J4b3LVCIGO4CMBDFLPoP6
132,Sad Beautiful Tragic (Taylor's Version),Red (Taylor's Version),12/11/2021,12,73qMN9bXy7MSPwwGfH3wQr,spotify:track:73qMN9bXy7MSPwwGfH3wQr
133,The Lucky One (Taylor's Version),Red (Taylor's Version),12/11/2021,13,4e5ayHsOLJNLTGfjau2mEw,spotify:track:4e5ayHsOLJNLTGfjau2mEw
134,Everything Has Changed (feat. Ed Sheeran) (Taylor’s Version),Red (Taylor's Version),12/11/2021,14,7qEUFOVcxRI19tbT68JcYK,spotify:track:7qEUFOVcxRI19tbT68JcYK
135,Starlight (Taylor's Version),Red (Taylor's Version),12/11/2021,15,7A2cNLRT0YJc1yjxHlKihs,spotify:track:7A2cNLRT0YJc1yjxHlKihs
136,Begin Again (Taylor's Version),Red (Taylor's Version),12/11/2021,16,05GsNucq8Bngd9fnd4fRa0,spotify:track:05GsNucq8Bngd9fnd4fRa0
137,The Moment I Knew (Taylor's Version),Red (Taylor's Version),12/11/2021,17,0NRHj8hDwwmSPaA41o379r,spotify:track:0NRHj8hDwwmSPaA41o379r
138,Come Back...Be Here (Taylor's Version),Red (Taylor's Version),12/11/2021,18,4pNApnaUWAL2J4KO2eqokq,spotify:track:4pNApnaUWAL2J4KO2eqokq
139,Girl At Home (Taylor's Version),Red (Taylor's Version),12/11/2021,19,0DMVrlMUn01M0IcpDbwgu7,spotify:track:0DMVrlMUn01M0IcpDbwgu7
140,State Of Grace (Acoustic Version) (Taylor's Version),Red (Taylor's Version),12/11/2021,20,5jAIouBES8LWMiriuNq170,spotify:track:5jAIouBES8LWMiriuNq170
141,Ronan (Taylor's Version),Red (Taylor's Version),12/11/2021,21,7nWui6jiMM2m9qFmET1Mtj,spotify:track:7nWui6jiMM2m9qFmET1Mtj
142,Better Man (Taylor's Version) (From The Vault),Red (Taylor's Version),12/11/2021,22,4OmFmE0fzcMG6g0Y8p4eSD,spotify:track:4OmFmE0fzcMG6g0Y8p4eSD
143,Nothing New (feat. Phoebe Bridgers) (Taylor’s Version) (From The Vault),Red (Taylor's Version),12/11/2021,23,01K4zKU104LyJ8gMb7227B,spotify:track:01K4zKU104LyJ8gMb7227B
144,Babe (Taylor's Version) (From The Vault),Red (Taylor's Version),12/11/2021,24,0v4z1tuZvn6LGknom9Qx7d,spotify:track:0v4z1tuZvn6LGknom9Qx7d
145,Message In A Bottle (Taylor's Version) (From The Vault),Red (Taylor's Version),12/11/2021,25,3z6XUommYDWPHeFhmhhT6j,spotify:track:3z6XUommYDWPHeFhmhhT6j
146,I Bet You Think About Me (feat. Chris Stapleton) (Taylor’s Version) (From The Vault),Red (Taylor's Version),12/11/2021,26,4CkgMiMqZ5JzW9iYXSTMTL,spotify:track:4CkgMiMqZ5JzW9iYXSTMTL
147,Forever Winter (Taylor's Version) (From The Vault),Red (Taylor's Version),12/11/2021,27,3oGVx9RBmiYGv5ZCecWLkx,spotify:track:3oGVx9RBmiYGv5ZCecWLkx
148,Run (feat. Ed Sheeran) (Taylor’s Version) (From The Vault),Red (Taylor's Version),12/11/2021,28,4IQkfUsrwXol38VV3U7t7T,spotify:track:4IQkfUsrwXol38VV3U7t7T
149,The Very First Night (Taylor's Version) (From The Vault),Red (Taylor's Version),12/11/2021,29,6pYNq0ZwpPVazKzsqpf0G8,spotify:track:6pYNq0ZwpPVazKzsqpf0G8
150,All Too Well (10 Minute Version) (Taylor's Version) (From The Vault),Red (Taylor's Version),12/11/2021,30,5enxwA8aAbwZbf5qCHORXi,spotify:track:5enxwA8aAbwZbf5qCHORXi
151,Fearless (Taylor’s Version),Fearless (Taylor's Version),09/04/2021,1,77sMIMlNaSURUAXq5coCxE,spotify:track:77sMIMlNaSURUAXq5coCxE
152,Fifteen (Taylor’s Version),Fearless (Taylor's Version),09/04/2021,2,2nqio0SfWg6gh2eCtfuMa5,spotify:track:2nqio0SfWg6gh2eCtfuMa5
153,Love Story (Taylor’s Version),Fearless (Taylor's Version),09/04/2021,3,6YvqWjhGD8mB5QXcbcUKtx,spotify:track:6YvqWjhGD8mB5QXcbcUKtx
154,Hey Stephen (Taylor’s Version),Fearless (Taylor's Version),09/04/2021,4,550erGcdD9n6PnwxrvYqZT,spotify:track:550erGcdD9n6PnwxrvYqZT
155,White Horse (Taylor’s Version),Fearless (Taylor's Version),09/04/2021,5,5YL553x8sHderRBDlm3NM3,spotify:track:5YL553x8sHderRBDlm3NM3
156,You Belong With Me (Taylor’s Version),Fearless (Taylor's Version),09/04/2021,6,1qrpoAMXodY6895hGKoUpA,spotify:track:1qrpoAMXodY6895hGKoUpA
157,Breathe (feat. Colbie Caillat) (Taylor’s Version),Fearless (Taylor's Version),09/04/2021,7,7HC7R2D8WjXVcUHJyEGjRs,spotify:track:7HC7R2D8WjXVcUHJyEGjRs
158,Tell Me Why (Taylor’s Version),Fearless (Taylor's Version),09/04/2021,8,0k0vFacOHNuArLWMiH60p7,spotify:track:0k0vFacOHNuArLWMiH60p7
159,You’re Not Sorry (Taylor’s Version),Fearless (Taylor's Version),09/04/2021,9,6iiAfo4wTA2CVC3Uwx9uh8,spotify:track:6iiAfo4wTA2CVC3Uwx9uh8
160,The Way I Loved You (Taylor’s Version),Fearless (Taylor's Version),09/04/2021,10,22bPsP2jCgbLUvh82U0Z3M,spotify:track:22bPsP2jCgbLUvh82U0Z3M
161,Forever & Always (Taylor’s Version),Fearless (Taylor's Version),09/04/2021,11,1msEuwSBneBKpVCZQcFTsU,spotify:track:1msEuwSBneBKpVCZQcFTsU
162,The Best Day (Taylor’s Version),Fearless (Taylor's Version),09/04/2021,12,6ON9UuIq49xXY9GPmHIYRp,spotify:track:6ON9UuIq49xXY9GPmHIYRp
163,Change (Taylor’s Version),Fearless (Taylor's Version),09/04/2021,13,3ExweHKZF9B752DPQByRVT,spotify:track:3ExweHKZF9B752DPQByRVT
164,Jump Then Fall (Taylor’s Version),Fearless (Taylor's Version),09/04/2021,14,2m3ObD945KvpE5y9A1eUWm,spotify:track:2m3ObD945KvpE5y9A1eUWm
165,Untouchable (Taylor’s Version),Fearless (Taylor's Version),09/04/2021,15,0tQ9vBYpldCuikPsbgOVKA,spotify:track:0tQ9vBYpldCuikPsbgOVKA
166,Forever & Always (Piano Version) (Taylor’s Version),Fearless (Taylor's Version),09/04/2021,16,01QdEx6kFr78ZejhQtWR5m,spotify:track:01QdEx6kFr78ZejhQtWR5m
167,Come In With The Rain (Taylor’s Version),Fearless (Taylor's Version),09/04/2021,17,1n2wszmJyVkw6FHqyLnQsY,spotify:track:1n2wszmJyVkw6FHqyLnQsY
168,Superstar (Taylor’s Version),Fearless (Taylor's Version),09/04/2021,18,51A8eKvvZz9uydvIZ7xRSV,spotify:track:51A8eKvvZz9uydvIZ7xRSV
169,The Other Side Of The Door (Taylor’s Version),Fearless (Taylor's Version),09/04/2021,19,1cSFlSBdpT4F5vb1frQ231,spotify:track:1cSFlSBdpT4F5vb1frQ231
170,Today Was A Fairytale (Taylor’s Version),Fearless (Taylor's Version),09/04/2021,20,2JoJrsEV15OzbijS47lids,spotify:track:2JoJrsEV15OzbijS47lids
171,You All Over Me (feat. Maren Morris) (Taylor’s Version) (From The Vault),Fearless (Taylor's Version),09/04/2021,21,4CHpVfAhuxNJ3ibExe6kxO,spotify:track:4CHpVfAhuxNJ3ibExe6kxO
172,Mr. Perfectly Fine (Taylor’s Version) (From The Vault),Fearless (Taylor's Version),09/04/2021,22,2CYVETnhM9aytqrazYYwrK,spotify:track:2CYVETnhM9aytqrazYYwrK
173,We Were Happy (Taylor’s Version) (From The Vault),Fearless (Taylor's Version),09/04/2021,23,34V9RiEPe8MNdU32qJsJa1,spotify:track:34V9RiEPe8MNdU32qJsJa1
174,That’s When (feat. Keith Urban) (Taylor’s Version) (From The Vault),Fearless (Taylor's Version),09/04/2021,24,7eResoqEJJAVTkQYSqvO3P,spotify:track:7eResoqEJJAVTkQYSqvO3P
175,Don’t You (Taylor’s Version) (From The Vault),Fearless (Taylor's Version),09/04/2021,25,4uuEGH5SVuzkkSFjo2DEiY,spotify:track:4uuEGH5SVuzkkSFjo2DEiY
176,Bye Bye Baby (Taylor’s Version) (From The Vault),Fearless (Taylor's Version),09/04/2021,26,4qUijfYU8EoIWiY6oSyrgT,spotify:track:4qUijfYU8EoIWiY6oSyrgT
177,willow,evermore (deluxe version),07/01/2021,1,2gVhfX2Gy1T9kDuS9azrF7,spotify:track:2gVhfX2Gy1T9kDuS9azrF7
178,champagne problems,evermore (deluxe version),07/01/2021,2,1gcyHQpBQ1lfXGdhZmWrHP,spotify:track:1gcyHQpBQ1lfXGdhZmWrHP
179,gold rush,evermore (deluxe version),07/01/2021,3,3Dby3p1m6IOZn2gIIqECgK,spotify:track:3Dby3p1m6IOZn2gIIqECgK
180,‘tis the damn season,evermore (deluxe version),07/01/2021,4,6sQckd3Z8NPxVVKUnavY1F,spotify:track:6sQckd3Z8NPxVVKUnavY1F
181,tolerate it,evermore (deluxe version),07/01/2021,5,6lCvK2AR2uOKkVFCVlAzzm,spotify:track:6lCvK2AR2uOKkVFCVlAzzm
182,"no body, no crime (feat. HAIM)",evermore (deluxe version),07/01/2021,6,6uwfVkaOM1mcMkFmSn35ix,spotify:track:6uwfVkaOM1mcMkFmSn35ix
183,happiness,evermore (deluxe version),07/01/2021,7,55Vf4bimc1Rtfg0PAQRAo2,spotify:track:55Vf4bimc1Rtfg0PAQRAo2
184,dorothea,evermore (deluxe version),07/01/2021,8,66tOfHVH3aUrscg8vExRV4,spotify:track:66tOfHVH3aUrscg8vExRV4
185,coney island (feat. The National),evermore (deluxe version),07/01/2021,9,2awNGIJHodfLZSClB3PYhz,spotify:track:2awNGIJHodfLZSClB3PYhz
186,ivy,evermore (deluxe version),07/01/2021,10,43Ykum9T72UOPhBN31grpN,spotify:track:43Ykum9T72UOPhBN31grpN
187,cowboy like me,evermore (deluxe version),07/01/2021,11,52OkpDsU6MmPx1AwGOb6Ap,spotify:track:52OkpDsU6MmPx1AwGOb6Ap
188,long story short,evermore (deluxe version),07/01/2021,12,5VYWxXUpxuxEmCqMLDqICo,spotify:track:5VYWxXUpxuxEmCqMLDqICo
189,marjorie,evermore (deluxe version),07/01/2021,13,5uICWmZTLkpEVbK22PBP6e,spotify:track:5uICWmZTLkpEVbK22PBP6e
190,closure,evermore (deluxe version),07/01/2021,14,6a8aUhYbaQBUI8PcJ5ZmQ6,spotify:track:6a8aUhYbaQBUI8PcJ5ZmQ6
191,evermore (feat. Bon Iver),evermore (deluxe version),07/01/2021,15,6Wlq9rqkxrqj5Kls4Kw14H,spotify:track:6Wlq9rqkxrqj5Kls4Kw14H
192,right where you left me - bonus track,evermore (deluxe version),07/01/2021,16,3zwMVvkBe2qIKDObWgXw4N,spotify:track:3zwMVvkBe2qIKDObWgXw4N
193,it’s time to go - bonus track,evermore (deluxe version),07/01/2021,17,1kdWw77ZpYOkhxeuhzU1j6,spotify:track:1kdWw77ZpYOkhxeuhzU1j6
194,willow,evermore,11/12/2020,1,0lx2cLdOt3piJbcaXIV74f,spotify:track:0lx2cLdOt3piJbcaXIV74f
195,champagne problems,evermore,11/12/2020,2,0sY6ZUTh4yoctD8VIXz339,spotify:track:0sY6ZUTh4yoctD8VIXz339
196,gold rush,evermore,11/12/2020,3,5BK0uqwY9DNfZ630STAEaq,spotify:track:5BK0uqwY9DNfZ630STAEaq
197,‘tis the damn season,evermore,11/12/2020,4,7dW84mWkdWE5a6lFWxJCBG,spotify:track:7dW84mWkdWE5a6lFWxJCBG
198,tolerate it,evermore,11/12/2020,5,0PurA4JVJ8YQgSVopY8fn6,spotify:track:0PurA4JVJ8YQgSVopY8fn6
199,"no body, no crime (feat. HAIM)",evermore,11/12/2020,6,3RaT22zZsxVYxxKR7TAaYF,spotify:track:3RaT22zZsxVYxxKR7TAaYF
200,happiness,evermore,11/12/2020,7,73YUReisjb3A9ActdLLjJQ,spotify:track:73YUReisjb3A9ActdLLjJQ
201,dorothea,evermore,11/12/2020,8,670fUmXf4KQekzbEgaXyPA,spotify:track:670fUmXf4KQekzbEgaXyPA
202,coney island (feat. The National),evermore,11/12/2020,9,3k7ne7VmH43ZPWxPdvPUgR,spotify:track:3k7ne7VmH43ZPWxPdvPUgR
203,ivy,evermore,11/12/2020,10,19CSr8rwW05VJL2F91KFNK,spotify:track:19CSr8rwW05VJL2F91KFNK
204,cowboy like me,evermore,11/12/2020,11,1XjHRolIXL2M1EEOUsGGR4,spotify:track:1XjHRolIXL2M1EEOUsGGR4
205,long story short,evermore,11/12/2020,12,2o2sgVJIgFXk8GQjWTgI6U,spotify:track:2o2sgVJIgFXk8GQjWTgI6U
206,marjorie,evermore,11/12/2020,13,12ntTeqEeTg7GAVpe8Mhpl,spotify:track:12ntTeqEeTg7GAVpe8Mhpl
207,closure,evermore,11/12/2020,14,35rdVq36LMHQX0Suw9a6tK,spotify:track:35rdVq36LMHQX0Suw9a6tK
208,evermore (feat. Bon Iver),evermore,11/12/2020,15,3O5osWf1rSoKMwe6E9ZaXP,spotify:track:3O5osWf1rSoKMwe6E9ZaXP
209,the 1,folklore: the long pond studio sessions (from the Disney+ special) [deluxe edition],25/11/2020,1,0P9wLFurlgumLXuqFEpw52,spotify:track:0P9wLFurlgumLXuqFEpw52
210,cardigan,folklore: the long pond studio sessions (from the Disney+ special) [deluxe edition],25/11/2020,2,7zcnlq38eqNWyUF6eNaB5Z,spotify:track:7zcnlq38eqNWyUF6eNaB5Z
211,the last great american dynasty,folklore: the long pond studio sessions (from the Disney+ special) [deluxe edition],25/11/2020,3,4ojxSyrEraN7d46BMBPThZ,spotify:track:4ojxSyrEraN7d46BMBPThZ
212,exile (feat. Bon Iver),folklore: the long pond studio sessions (from the Disney+ special) [deluxe edition],25/11/2020,4,6kz2hkq1xQvDqPcUyBkw8f,spotify:track:6kz2hkq1xQvDqPcUyBkw8f
213,my tears ricochet,folklore: the long pond studio sessions (from the Disney+ special) [deluxe edition],25/11/2020,5,0Oju1YcbPCJuUQQWoZNdJK,spotify:track:0Oju1YcbPCJuUQQWoZNdJK
214,mirrorball,folklore: the long pond studio sessions (from the Disney+ special) [deluxe edition],25/11/2020,6,5jQyGzcwqAxwT5QUIMivoX,spotify:track:5jQyGzcwqAxwT5QUIMivoX
215,seven,folklore: the long pond studio sessions (from the Disney+ special) [deluxe edition],25/11/2020,7,2vJ7QvyCiR4DaHxwO58izA,spotify:track:2vJ7QvyCiR4DaHxwO58izA
216,august,folklore: the long pond studio sessions (from the Disney+ special) [deluxe edition],25/11/2020,8,1UHoF9p75IVsvUt6WdTYhn,spotify:track:1UHoF9p75IVsvUt6WdTYhn
217,this is me trying,folklore: the long pond studio sessions (from the Disney+ special) [deluxe edition],25/11/2020,9,5DnDBYrfGoxdnomqEAkFIv,spotify:track:5DnDBYrfGoxdnomqEAkFIv
218,illicit affairs,folklore: the long pond studio sessions (from the Disney+ special) [deluxe edition],25/11/2020,10,7CVTowKpGPA2MsIbkTl2oc,spotify:track:7CVTowKpGPA2MsIbkTl2oc
219,invisible string,folklore: the long pond studio sessions (from the Disney+ special) [deluxe edition],25/11/2020,11,4WHIqhrbdva5vQSrCuet3l,spotify:track:4WHIqhrbdva5vQSrCuet3l
220,mad woman,folklore: the long pond studio sessions (from the Disney+ special) [deluxe edition],25/11/2020,12,7klXN6RCN5Rj0VeYO5gBzU,spotify:track:7klXN6RCN5Rj0VeYO5gBzU
221,epiphany,folklore: the long pond studio sessions (from the Disney+ special) [deluxe edition],25/11/2020,13,5MFjHn1qfR9AsWuyzJLk1z,spotify:track:5MFjHn1qfR9AsWuyzJLk1z
222,betty,folklore: the long pond studio sessions (from the Disney+ special) [deluxe edition],25/11/2020,14,2jhfs6moEAK13eLM6xim4l,spotify:track:2jhfs6moEAK13eLM6xim4l
223,peace,folklore: the long pond studio sessions (from the Disney+ special) [deluxe edition],25/11/2020,15,0O9i6jhscByEJs1ipy5hu4,spotify:track:0O9i6jhscByEJs1ipy5hu4
224,hoax,folklore: the long pond studio sessions (from the Disney+ special) [deluxe edition],25/11/2020,16,4XCYmu7QLySdIahgBALKJK,spotify:track:4XCYmu7QLySdIahgBALKJK
225,the lakes - bonus track,folklore: the long pond studio sessions (from the Disney+ special) [deluxe edition],25/11/2020,17,0zEprKYeuGOIZoHyu6O1E2,spotify:track:0zEprKYeuGOIZoHyu6O1E2
226,the 1 - the long pond studio sessions,folklore: the long pond studio sessions (from the Disney+ special) [deluxe edition],25/11/2020,1,08J4bMHbILkwSIhbtrcvjN,spotify:track:08J4bMHbILkwSIhbtrcvjN
227,cardigan - the long pond studio sessions,folklore: the long pond studio sessions (from the Disney+ special) [deluxe edition],25/11/2020,2,3EPgWM1zfTSzEc0z4AwWTM,spotify:track:3EPgWM1zfTSzEc0z4AwWTM
228,the last great american dynasty - the long pond studio sessions,folklore: the long pond studio sessions (from the Disney+ special) [deluxe edition],25/11/2020,3,28tIMaewZuGR8urkvFhQyA,spotify:track:28tIMaewZuGR8urkvFhQyA
229,exile (feat. Bon Iver) - the long pond studio sessions,folklore: the long pond studio sessions (from the Disney+ special) [deluxe edition],25/11/2020,4,7N015NTIWGjQDddHUdHPoO,spotify:track:7N015NTIWGjQDddHUdHPoO
230,my tears ricochet - the long pond studio sessions,folklore: the long pond studio sessions (from the Disney+ special) [deluxe edition],25/11/2020,5,5mdNyCS7ttVcAyVYOIFEjs,spotify:track:5mdNyCS7ttVcAyVYOIFEjs
231,mirrorball - the long pond studio sessions,folklore: the long pond studio sessions (from the Disney+ special) [deluxe edition],25/11/2020,6,2yceD2hx5HhOLgkm1CITCi,spotify:track:2yceD2hx5HhOLgkm1CITCi
232,seven - the long pond studio sessions,folklore: the long pond studio sessions (from the Disney+ special) [deluxe edition],25/11/2020,7,4cOWq0cVsKjxaQpRMbDoH1,spotify:track:4cOWq0cVsKjxaQpRMbDoH1
233,august - the long pond studio sessions,folklore: the long pond studio sessions (from the Disney+ special) [deluxe edition],25/11/2020,8,4MGexoZc12lqE0hYkq9YYx,spotify:track:4MGexoZc12lqE0hYkq9YYx
234,this is me trying - the long pond studio sessions,folklore: the long pond studio sessions (from the Disney+ special) [deluxe edition],25/11/2020,9,1gaLZjPrDnHQWJds2Jg4KT,spotify:track:1gaLZjPrDnHQWJds2Jg4KT
235,illicit affairs - the long pond studio sessions,folklore: the long pond studio sessions (from the Disney+ special) [deluxe edition],25/11/2020,10,560uQyz3p5G9WdnMX39xc6,spotify:track:560uQyz3p5G9WdnMX39xc6
236,invisible string - the long pond studio sessions,folklore: the long pond studio sessions (from the Disney+ special) [deluxe edition],25/11/2020,11,5KByGq0JijSSDcy0qzuINs,spotify:track:5KByGq0JijSSDcy0qzuINs
237,mad woman - the long pond studio sessions,folklore: the long pond studio sessions (from the Disney+ special) [deluxe edition],25/11/2020,12,04xrhDrQ2WOW8GLwu7kbc0,spotify:track:04xrhDrQ2WOW8GLwu7kbc0
238,epiphany - the long pond studio sessions,folklore: the long pond studio sessions (from the Disney+ special) [deluxe edition],25/11/2020,13,4yyKppX85ZkmlGOC2toBZA,spotify:track:4yyKppX85ZkmlGOC2toBZA
239,betty - the long pond studio sessions,folklore: the long pond studio sessions (from the Disney+ special) [deluxe edition],25/11/2020,14,1mh5dObNoOvCfHmXnhvDEK,spotify:track:1mh5dObNoOvCfHmXnhvDEK
240,peace - the long pond studio sessions,folklore: the long pond studio sessions (from the Disney+ special) [deluxe edition],25/11/2020,15,4YHHz3VIXgNDGdoL9xC1tx,spotify:track:4YHHz3VIXgNDGdoL9xC1tx
241,hoax - the long pond studio sessions,folklore: the long pond studio sessions (from the Disney+ special) [deluxe edition],25/11/2020,16,0QTBsdoJhamY3Aid3fOsOd,spotify:track:0QTBsdoJhamY3Aid3fOsOd
242,the lakes - the long pond studio sessions,folklore: the long pond studio sessions (from the Disney+ special) [deluxe edition],25/11/2020,17,6mqyTq948oap5AkyTsd6XF,spotify:track:6mqyTq948oap5AkyTsd6XF
243,the 1,folklore (deluxe version),18/08/2020,1,4pfrrhvplbJZAIsfosGWQP,spotify:track:4pfrrhvplbJZAIsfosGWQP
244,cardigan,folklore (deluxe version),18/08/2020,2,0KRYCBwIpWYFNrXOmXbyUh,spotify:track:0KRYCBwIpWYFNrXOmXbyUh
245,the last great american dynasty,folklore (deluxe version),18/08/2020,3,2olxzvoFI9IpxqFeUv7WOX,spotify:track:2olxzvoFI9IpxqFeUv7WOX
246,exile (feat. Bon Iver),folklore (deluxe version),18/08/2020,4,5S4aYQAJOwJMAamANWlICO,spotify:track:5S4aYQAJOwJMAamANWlICO
247,my tears ricochet,folklore (deluxe version),18/08/2020,5,5P2bHCDM2tsgIaYWsZMhu5,spotify:track:5P2bHCDM2tsgIaYWsZMhu5
248,mirrorball,folklore (deluxe version),18/08/2020,6,2I8YAEA1VmCuP1wkJHMpTw,spotify:track:2I8YAEA1VmCuP1wkJHMpTw
249,seven,folklore (deluxe version),18/08/2020,7,76mOLcXOjOEhyY4mMF1l3r,spotify:track:76mOLcXOjOEhyY4mMF1l3r
250,august,folklore (deluxe version),18/08/2020,8,6nK2pIKFcRc5frrZKHgsiT,spotify:track:6nK2pIKFcRc5frrZKHgsiT
251,this is me trying,folklore (deluxe version),18/08/2020,9,7cm50Lw03k6VvRauJtkyTj,spotify:track:7cm50Lw03k6VvRauJtkyTj
252,illicit affairs,folklore (deluxe version),18/08/2020,10,6DrLROM5MG9bxWHeEG5elq,spotify:track:6DrLROM5MG9bxWHeEG5elq
253,invisible string,folklore (deluxe version),18/08/2020,11,2ehRU518I0hYqMGQnk4lDY,spotify:track:2ehRU518I0hYqMGQnk4lDY
254,mad woman,folklore (deluxe version),18/08/2020,12,0RP1kqoSPkVXsKiQNhMKzV,spotify:track:0RP1kqoSPkVXsKiQNhMKzV
255,epiphany,folklore (deluxe version),18/08/2020,13,1EXa37LpSvi3OQ9UYQ28rD,spotify:track:1EXa37LpSvi3OQ9UYQ28rD
256,betty,folklore (deluxe version),18/08/2020,14,3IhtE4fkytdrtEfV34UzkD,spotify:track:3IhtE4fkytdrtEfV34UzkD
257,peace,folklore (deluxe version),18/08/2020,15,6JlI8Ay77m4nJvZTHvfT1J,spotify:track:6JlI8Ay77m4nJvZTHvfT1J
258,hoax,folklore (deluxe version),18/08/2020,16,0YeDG5HnKnG7jpArkzsSPa,spotify:track:0YeDG5HnKnG7jpArkzsSPa
259,the lakes - bonus track,folklore (deluxe version),18/08/2020,17,0eFQWVz0qIxDOvhLpZ40P7,spotify:track:0eFQWVz0qIxDOvhLpZ40P7
260,the 1,folklore,24/07/2020,1,0Jlcvv8IykzHaSmj49uNW8,spotify:track:0Jlcvv8IykzHaSmj49uNW8
261,cardigan,folklore,24/07/2020,2,4R2kfaDFhslZEMJqAFNpdd,spotify:track:4R2kfaDFhslZEMJqAFNpdd
262,the last great american dynasty,folklore,24/07/2020,3,2Eeur20xVqfUoM3Q7EFPFt,spotify:track:2Eeur20xVqfUoM3Q7EFPFt
263,exile (feat. Bon Iver),folklore,24/07/2020,4,4pvb0WLRcMtbPGmtejJJ6y,spotify:track:4pvb0WLRcMtbPGmtejJJ6y
264,my tears ricochet,folklore,24/07/2020,5,1MgV7FIyNxIG7WzMRJV5HC,spotify:track:1MgV7FIyNxIG7WzMRJV5HC
265,mirrorball,folklore,24/07/2020,6,0ZNU020wNYvgW84iljPkPP,spotify:track:0ZNU020wNYvgW84iljPkPP
266,seven,folklore,24/07/2020,7,6KJqZcs9XDgVck7Lg9QOTC,spotify:track:6KJqZcs9XDgVck7Lg9QOTC
267,august,folklore,24/07/2020,8,3hUxzQpSfdDqwM3ZTFQY0K,spotify:track:3hUxzQpSfdDqwM3ZTFQY0K
268,this is me trying,folklore,24/07/2020,9,7kt9e9LFSpN1zQtYEl19o1,spotify:track:7kt9e9LFSpN1zQtYEl19o1
269,illicit affairs,folklore,24/07/2020,10,2NmsngXHeC1GQ9wWrzhOMf,spotify:track:2NmsngXHeC1GQ9wWrzhOMf
270,invisible string,folklore,24/07/2020,11,6VsvKPJ4xjVNKpI8VVZ3SV,spotify:track:6VsvKPJ4xjVNKpI8VVZ3SV
271,mad woman,folklore,24/07/2020,12,2QDyYdZyhlP2fp79KZX8Bi,spotify:track:2QDyYdZyhlP2fp79KZX8Bi
272,epiphany,folklore,24/07/2020,13,08fa9LFcFBTcilB3iq2e2A,spotify:track:08fa9LFcFBTcilB3iq2e2A
273,betty,folklore,24/07/2020,14,5kI4eCXXzyuIUXjQra0Cxi,spotify:track:5kI4eCXXzyuIUXjQra0Cxi
274,peace,folklore,24/07/2020,15,7MbT4I8qGntX4fMdqMQgke,spotify:track:7MbT4I8qGntX4fMdqMQgke
275,hoax,folklore,24/07/2020,16,6MWoRt97mnSTXZhu3ggi9C,spotify:track:6MWoRt97mnSTXZhu3ggi9C
276,I Forgot That You Existed,Lover,23/08/2019,1,43rA71bccXFGD4C8GOpIlN,spotify:track:43rA71bccXFGD4C8GOpIlN
277,Cruel Summer,Lover,23/08/2019,2,1BxfuPKGuaTgP7aM0Bbdwr,spotify:track:1BxfuPKGuaTgP7aM0Bbdwr
278,Lover,Lover,23/08/2019,3,1dGr1c8CrMLDpV6mPbImSI,spotify:track:1dGr1c8CrMLDpV6mPbImSI
279,The Man,Lover,23/08/2019,4,3RauEVgRgj1IuWdJ9fDs70,spotify:track:3RauEVgRgj1IuWdJ9fDs70
280,The Archer,Lover,23/08/2019,5,3pHkh7d0lzM2AldUtz2x37,spotify:track:3pHkh7d0lzM2AldUtz2x37
281,I Think He Knows,Lover,23/08/2019,6,2YWtcWi3a83pdEg3Gif4Pd,spotify:track:2YWtcWi3a83pdEg3Gif4Pd
282,Miss Americana & The Heartbreak Prince,Lover,23/08/2019,7,214nt20w5wOxJnY462klLw,spotify:track:214nt20w5wOxJnY462klLw
283,Paper Rings,Lover,23/08/2019,8,4y5bvROuBDPr5fuwXbIBZR,spotify:track:4y5bvROuBDPr5fuwXbIBZR
284,Cornelia Street,Lover,23/08/2019,9,12M5uqx0ZuwkpLp5rJim1a,spotify:track:12M5uqx0ZuwkpLp5rJim1a
285,Death By A Thousand Cuts,Lover,23/08/2019,10,2dgFqt3w9xIQRjhPtwNk3D,spotify:track:2dgFqt3w9xIQRjhPtwNk3D
286,London Boy,Lover,23/08/2019,11,1LLXZFeAHK9R4xUramtUKw,spotify:track:1LLXZFeAHK9R4xUramtUKw
287,Soon You’ll Get Better (feat. The Chicks),Lover,23/08/2019,12,4AYtqFyFbX0Xkc2wtcygTr,spotify:track:4AYtqFyFbX0Xkc2wtcygTr
288,False God,Lover,23/08/2019,13,5hQSXkFgbxjZo9uCwd11so,spotify:track:5hQSXkFgbxjZo9uCwd11so
289,You Need To Calm Down,Lover,23/08/2019,14,6RRNNciQGZEXnqk8SQ9yv5,spotify:track:6RRNNciQGZEXnqk8SQ9yv5
290,Afterglow,Lover,23/08/2019,15,1SymEzIT3H8UZfibCs3TYi,spotify:track:1SymEzIT3H8UZfibCs3TYi
291,ME! (feat. Brendon Urie of Panic! At The Disco),Lover,23/08/2019,16,2Rk4JlNc2TPmZe2af99d45,spotify:track:2Rk4JlNc2TPmZe2af99d45
292,It’s Nice To Have A Friend,Lover,23/08/2019,17,1SmiQ65iSAbPto6gPFlBYm,spotify:track:1SmiQ65iSAbPto6gPFlBYm
293,Daylight,Lover,23/08/2019,18,1fzAuUVbzlhZ1lJAx9PtY6,spotify:track:1fzAuUVbzlhZ1lJAx9PtY6
294,...Ready For It?,reputation,10/11/2017,1,2yLa0QULdQr0qAIvVwN6B5,spotify:track:2yLa0QULdQr0qAIvVwN6B5
295,End Game,reputation,10/11/2017,2,2x0WlnmfG39ZuDmstl9xfX,spotify:track:2x0WlnmfG39ZuDmstl9xfX
296,I Did Something Bad,reputation,10/11/2017,3,4svZDCRz4cJoneBpjpx8DJ,spotify:track:4svZDCRz4cJoneBpjpx8DJ
297,Don’t Blame Me,reputation,10/11/2017,4,1R0a2iXumgCiFb7HEZ7gUE,spotify:track:1R0a2iXumgCiFb7HEZ7gUE
298,Delicate,reputation,10/11/2017,5,6NFyWDv5CjfwuzoCkw47Xf,spotify:track:6NFyWDv5CjfwuzoCkw47Xf
299,Look What You Made Me Do,reputation,10/11/2017,6,1P17dC1amhFzptugyAO7Il,spotify:track:1P17dC1amhFzptugyAO7Il
300,So It Goes...,reputation,10/11/2017,7,5PxFv9yJEg9dxvbZggykro,spotify:track:5PxFv9yJEg9dxvbZggykro
301,Gorgeous,reputation,10/11/2017,8,1ZY1PqizIl78geGM4xWlEA,spotify:track:1ZY1PqizIl78geGM4xWlEA
302,Getaway Car,reputation,10/11/2017,9,0VE4kBnHJUgtMf0dy6DRmW,spotify:track:0VE4kBnHJUgtMf0dy6DRmW
303,King Of My Heart,reputation,10/11/2017,10,7HuBDWi18s4aJM8UFnNheH,spotify:track:7HuBDWi18s4aJM8UFnNheH
304,Dancing With Our Hands Tied,reputation,10/11/2017,11,7I7JbDv63ZJJsSi24DyJrz,spotify:track:7I7JbDv63ZJJsSi24DyJrz
305,Dress,reputation,10/11/2017,12,6oVxXO5oQ4pTpO8RSnkzvv,spotify:track:6oVxXO5oQ4pTpO8RSnkzvv
306,This Is Why We Can't Have Nice Things,reputation,10/11/2017,13,07NxDD1iKCHbAldceD7QLP,spotify:track:07NxDD1iKCHbAldceD7QLP
307,Call It What You Want,reputation,10/11/2017,14,1GwMQaZz6Au3QLDbjbMdme,spotify:track:1GwMQaZz6Au3QLDbjbMdme
308,New Year’s Day,reputation,10/11/2017,15,7F5oktn5YOsR9eR5YsFtqb,spotify:track:7F5oktn5YOsR9eR5YsFtqb
309,All Too Well,reputation Stadium Tour Surprise Song Playlist,09/11/2017,1,00vJzaoxM3Eja1doBUhX0P,spotify:track:00vJzaoxM3Eja1doBUhX0P
310,Wildest Dreams,reputation Stadium Tour Surprise Song Playlist,09/11/2017,2,22C0JIVhFaczZ4t9heqREN,spotify:track:22C0JIVhFaczZ4t9heqREN
311,The Best Day,reputation Stadium Tour Surprise Song Playlist,09/11/2017,3,7APTsjmZbj7TFXQJAiRti4,spotify:track:7APTsjmZbj7TFXQJAiRti4
312,Red,reputation Stadium Tour Surprise Song Playlist,09/11/2017,4,4V9NuhKQcUFt4cgbynHV79,spotify:track:4V9NuhKQcUFt4cgbynHV79
313,Holy Ground,reputation Stadium Tour Surprise Song Playlist,09/11/2017,5,4hCZk6WJBFQeG3P7WsyntI,spotify:track:4hCZk6WJBFQeG3P7WsyntI
314,Teardrops On My Guitar - Radio Single Remix,reputation Stadium Tour Surprise Song Playlist,09/11/2017,6,7eGeUVeCEvEQrivmjl9Qn3,spotify:track:7eGeUVeCEvEQrivmjl9Qn3
315,Our Song,reputation Stadium Tour Surprise Song Playlist,09/11/2017,7,7qGr3rjRhndRIpFUA5f2HJ,spotify:track:7qGr3rjRhndRIpFUA5f2HJ
316,22,reputation Stadium Tour Surprise Song Playlist,09/11/2017,8,2P5gfMtCcKP0CkmgqFMyPg,spotify:track:2P5gfMtCcKP0CkmgqFMyPg
317,I Knew You Were Trouble.,reputation Stadium Tour Surprise Song Playlist,09/11/2017,9,2o2IVjuqRkR9hJxtPjtAP0,spotify:track:2o2IVjuqRkR9hJxtPjtAP0
318,I Don’t Wanna Live Forever (Fifty Shades Darker),reputation Stadium Tour Surprise Song Playlist,09/11/2017,10,55n9yjI6qqXh5F2mYvUc2y,spotify:track:55n9yjI6qqXh5F2mYvUc2y
319,Mean,reputation Stadium Tour Surprise Song Playlist,09/11/2017,11,5rcHBt2aNcGFWW0jaAUe1L,spotify:track:5rcHBt2aNcGFWW0jaAUe1L
320,How You Get The Girl,reputation Stadium Tour Surprise Song Playlist,09/11/2017,12,3aSYZ4upQ6OSNos26YeVWL,spotify:track:3aSYZ4upQ6OSNos26YeVWL
321,So It Goes...,reputation Stadium Tour Surprise Song Playlist,09/11/2017,13,41T04yafZVrjNq2FqvLtId,spotify:track:41T04yafZVrjNq2FqvLtId
322,Fifteen,reputation Stadium Tour Surprise Song Playlist,09/11/2017,14,0H2UD0LfSCiRr59YMGlCuS,spotify:track:0H2UD0LfSCiRr59YMGlCuS
323,Mine,reputation Stadium Tour Surprise Song Playlist,09/11/2017,15,6FmJKLpyCt42nP2IOVEVc2,spotify:track:6FmJKLpyCt42nP2IOVEVc2
324,Sparks Fly,reputation Stadium Tour Surprise Song Playlist,09/11/2017,16,5h2sBwpUSAndjObfU3ti2r,spotify:track:5h2sBwpUSAndjObfU3ti2r
325,State Of Grace,reputation Stadium Tour Surprise Song Playlist,09/11/2017,17,0YRGTdfmJPALpglAaraYUr,spotify:track:0YRGTdfmJPALpglAaraYUr
326,Haunted,reputation Stadium Tour Surprise Song Playlist,09/11/2017,18,6CB7DczrX9ZJB9Wkjegmaq,spotify:track:6CB7DczrX9ZJB9Wkjegmaq
327,Never Grow Up,reputation Stadium Tour Surprise Song Playlist,09/11/2017,19,1UPDfqsVIZLEiZeMuUsni2,spotify:track:1UPDfqsVIZLEiZeMuUsni2
328,Treacherous,reputation Stadium Tour Surprise Song Playlist,09/11/2017,20,0r3U7SOcoj4DIEyN44Lt5z,spotify:track:0r3U7SOcoj4DIEyN44Lt5z
329,Babe,reputation Stadium Tour Surprise Song Playlist,09/11/2017,21,40PXEOFLJc7UIpLMrhSfW1,spotify:track:40PXEOFLJc7UIpLMrhSfW1
330,Welcome To New York,reputation Stadium Tour Surprise Song Playlist,09/11/2017,22,3YLA3NgzFRRa7LiHMtFPby,spotify:track:3YLA3NgzFRRa7LiHMtFPby
331,Fearless,reputation Stadium Tour Surprise Song Playlist,09/11/2017,23,43sE2O3skbGBpT2tO6fzv9,spotify:track:43sE2O3skbGBpT2tO6fzv9
332,Enchanted,reputation Stadium Tour Surprise Song Playlist,09/11/2017,24,5lg33MHs1BoUtJVClw8ZpI,spotify:track:5lg33MHs1BoUtJVClw8ZpI
333,Change,reputation Stadium Tour Surprise Song Playlist,09/11/2017,25,5PSOWHll3h3Vy226xSJk0M,spotify:track:5PSOWHll3h3Vy226xSJk0M
334,Ours,reputation Stadium Tour Surprise Song Playlist,09/11/2017,26,0V3SNHDka1JSCP71HAzpxw,spotify:track:0V3SNHDka1JSCP71HAzpxw
335,Out Of The Woods,reputation Stadium Tour Surprise Song Playlist,09/11/2017,27,0GmfiNHSgkKamYgQEMYOH3,spotify:track:0GmfiNHSgkKamYgQEMYOH3
336,Come Back...Be Here,reputation Stadium Tour Surprise Song Playlist,09/11/2017,28,5hiqtrACtMJkNpaNHj0n9Z,spotify:track:5hiqtrACtMJkNpaNHj0n9Z
337,A Place in this World,reputation Stadium Tour Surprise Song Playlist,09/11/2017,29,2RSYYe7LhKFxIi50T5XtUo,spotify:track:2RSYYe7LhKFxIi50T5XtUo
338,This Love,reputation Stadium Tour Surprise Song Playlist,09/11/2017,30,64KRxmbqypPBlya4nxFmDn,spotify:track:64KRxmbqypPBlya4nxFmDn
339,The Lucky One,reputation Stadium Tour Surprise Song Playlist,09/11/2017,31,24ksPWXKg1k7OOG57pufED,spotify:track:24ksPWXKg1k7OOG57pufED
340,Invisible,reputation Stadium Tour Surprise Song Playlist,09/11/2017,32,0kqC185OTcnuhbz4T7g5RB,spotify:track:0kqC185OTcnuhbz4T7g5RB
341,Breathe,reputation Stadium Tour Surprise Song Playlist,09/11/2017,33,3oxgFdIlxFEDEJqn7k5TVN,spotify:track:3oxgFdIlxFEDEJqn7k5TVN
342,Better Man,reputation Stadium Tour Surprise Song Playlist,09/11/2017,34,3EXetjrGgwIjDRNn6YA8sa,spotify:track:3EXetjrGgwIjDRNn6YA8sa
343,Jump Then Fall,reputation Stadium Tour Surprise Song Playlist,09/11/2017,35,5zytSTR2g0I9psX2Z12ex6,spotify:track:5zytSTR2g0I9psX2Z12ex6
344,Begin Again,reputation Stadium Tour Surprise Song Playlist,09/11/2017,36,2G679wnKfyhUOeNx910OXg,spotify:track:2G679wnKfyhUOeNx910OXg
345,Tied Together with a Smile,reputation Stadium Tour Surprise Song Playlist,09/11/2017,37,4qNEi8zGIYLiMtoW8OaJdx,spotify:track:4qNEi8zGIYLiMtoW8OaJdx
346,The Story Of Us,reputation Stadium Tour Surprise Song Playlist,09/11/2017,38,2fF3QzbGCrtrDXIdWcg1mv,spotify:track:2fF3QzbGCrtrDXIdWcg1mv
347,Forever & Always,reputation Stadium Tour Surprise Song Playlist,09/11/2017,39,0QCS4NpURHvWdF1icdkfBw,spotify:track:0QCS4NpURHvWdF1icdkfBw
348,Hey Stephen,reputation Stadium Tour Surprise Song Playlist,09/11/2017,40,0TYJbIHBtmWy9ugtU9BcbE,spotify:track:0TYJbIHBtmWy9ugtU9BcbE
349,Speak Now,reputation Stadium Tour Surprise Song Playlist,09/11/2017,41,1XLc4irbX7oQSneh6gWv3O,spotify:track:1XLc4irbX7oQSneh6gWv3O
350,Wonderland,reputation Stadium Tour Surprise Song Playlist,09/11/2017,42,0eTCaVOYLpJlSkbEi2jay4,spotify:track:0eTCaVOYLpJlSkbEi2jay4
351,White Horse,reputation Stadium Tour Surprise Song Playlist,09/11/2017,43,4RMfSYDFkcz0bKoK8fHDgR,spotify:track:4RMfSYDFkcz0bKoK8fHDgR
352,I'm Only Me When I'm With You,reputation Stadium Tour Surprise Song Playlist,09/11/2017,44,6Py8IKZqDyU8aQVrjilbJw,spotify:track:6Py8IKZqDyU8aQVrjilbJw
353,Starlight,reputation Stadium Tour Surprise Song Playlist,09/11/2017,45,7txpzmA69zyk50K3ZyZSzC,spotify:track:7txpzmA69zyk50K3ZyZSzC
354,I Know Places,reputation Stadium Tour Surprise Song Playlist,09/11/2017,46,3qGLcmO0XnnrcpAQGZwTvA,spotify:track:3qGLcmO0XnnrcpAQGZwTvA
355,Welcome To New York,1989 (Deluxe Edition),27/10/2014,1,33Kq0AT5rvwyE4azisG08x,spotify:track:33Kq0AT5rvwyE4azisG08x
356,Blank Space,1989 (Deluxe Edition),27/10/2014,2,2sC2P3BN0IXujNaaSyDmtP,spotify:track:2sC2P3BN0IXujNaaSyDmtP
357,Style,1989 (Deluxe Edition),27/10/2014,3,1fo2ctLqj3zBhRQKOXprol,spotify:track:1fo2ctLqj3zBhRQKOXprol
358,Out Of The Woods,1989 (Deluxe Edition),27/10/2014,4,6Nde5KuTXyB7jlPO4upaBo,spotify:track:6Nde5KuTXyB7jlPO4upaBo
359,All You Had To Do Was Stay,1989 (Deluxe Edition),27/10/2014,5,0lmMtDQ2ElasKU2qDAE6NN,spotify:track:0lmMtDQ2ElasKU2qDAE6NN
360,Shake It Off,1989 (Deluxe Edition),27/10/2014,6,3fthfkkvy9av3q3uAGVf7U,spotify:track:3fthfkkvy9av3q3uAGVf7U
361,I Wish You Would,1989 (Deluxe Edition),27/10/2014,7,1B5VzXPqMlvRw0U4HJY3dJ,spotify:track:1B5VzXPqMlvRw0U4HJY3dJ
362,Bad Blood,1989 (Deluxe Edition),27/10/2014,8,0yN4fNzmVnmgC0dsOoi9Wh,spotify:track:0yN4fNzmVnmgC0dsOoi9Wh
363,Wildest Dreams,1989 (Deluxe Edition),27/10/2014,9,106R7Z57WYzBAfrXImV30y,spotify:track:106R7Z57WYzBAfrXImV30y
364,How You Get The Girl,1989 (Deluxe Edition),27/10/2014,10,6wfugRLamFsTRbPcCpNnP7,spotify:track:6wfugRLamFsTRbPcCpNnP7
365,This Love,1989 (Deluxe Edition),27/10/2014,11,1kTPQnabROVkW9bUXdCGrB,spotify:track:1kTPQnabROVkW9bUXdCGrB
366,I Know Places,1989 (Deluxe Edition),27/10/2014,12,2zfgVd034GlUvk7LqBHl6u,spotify:track:2zfgVd034GlUvk7LqBHl6u
367,Clean,1989 (Deluxe Edition),27/10/2014,13,4bXCcoesMt8u99xMsbLr9U,spotify:track:4bXCcoesMt8u99xMsbLr9U
368,Wonderland,1989 (Deluxe Edition),27/10/2014,14,6iWMI5oOhWrDbLbjmwTWFq,spotify:track:6iWMI5oOhWrDbLbjmwTWFq
369,You Are In Love,1989 (Deluxe Edition),27/10/2014,15,4A2LfnduSTsE8u0ecYROxE,spotify:track:4A2LfnduSTsE8u0ecYROxE
370,New Romantics,1989 (Deluxe Edition),27/10/2014,16,6rZVy6FIG7lSJQMFXHo12z,spotify:track:6rZVy6FIG7lSJQMFXHo12z
371,I Know Places - Voice Memo,1989 (Deluxe Edition),27/10/2014,17,4JQm7ebhsrt10wmrP6AfXL,spotify:track:4JQm7ebhsrt10wmrP6AfXL
372,I Wish You Would - Voice Memo,1989 (Deluxe Edition),27/10/2014,18,4TtyvyI42C0KFnbDZvNC8Y,spotify:track:4TtyvyI42C0KFnbDZvNC8Y
373,Blank Space - Voice Memo,1989 (Deluxe Edition),27/10/2014,19,0yisH8r0f3Mkq34kjzUlCV,spotify:track:0yisH8r0f3Mkq34kjzUlCV
374,Welcome To New York,1989,27/10/2014,1,6qnM0XXPZOINWA778uNqQ9,spotify:track:6qnM0XXPZOINWA778uNqQ9
375,Blank Space,1989,27/10/2014,2,1p80LdxRV74UKvL8gnD7ky,spotify:track:1p80LdxRV74UKvL8gnD7ky
376,Style,1989,27/10/2014,3,4lIxdJw6W3Fg4vUIYCB0S5,spotify:track:4lIxdJw6W3Fg4vUIYCB0S5
377,Out Of The Woods,1989,27/10/2014,4,5OndtwLGA9O6XHFcGm2H7r,spotify:track:5OndtwLGA9O6XHFcGm2H7r
378,All You Had To Do Was Stay,1989,27/10/2014,5,0dAb8TY433dl3ZfXYCLE19,spotify:track:0dAb8TY433dl3ZfXYCLE19
379,Shake It Off,1989,27/10/2014,6,5xTtaWoae3wi06K5WfVUUH,spotify:track:5xTtaWoae3wi06K5WfVUUH
380,I Wish You Would,1989,27/10/2014,7,3wmN11qXGL0HyPojvEE1D9,spotify:track:3wmN11qXGL0HyPojvEE1D9
381,Bad Blood,1989,27/10/2014,8,273dCMFseLcVsoSWx59IoE,spotify:track:273dCMFseLcVsoSWx59IoE
382,Wildest Dreams,1989,27/10/2014,9,59HjlYCeBsxdI0fcm3zglw,spotify:track:59HjlYCeBsxdI0fcm3zglw
383,How You Get The Girl,1989,27/10/2014,10,4dYUOfmWna6DFccnz732n8,spotify:track:4dYUOfmWna6DFccnz732n8
384,This Love,1989,27/10/2014,11,3oKMl2tJv4fdidkXUYMI5x,spotify:track:3oKMl2tJv4fdidkXUYMI5x
385,I Know Places,1989,27/10/2014,12,3jBMHD19RZdAqG9iFQh7xc,spotify:track:3jBMHD19RZdAqG9iFQh7xc
386,Clean,1989,27/10/2014,13,06WgOCf0LV2h4keYXDRnuh,spotify:track:06WgOCf0LV2h4keYXDRnuh
387,State Of Grace,Red (Deluxe Edition),22/10/2012,1,5zyCYmiaVE5y26EZuwZbsw,spotify:track:5zyCYmiaVE5y26EZuwZbsw
388,Red,Red (Deluxe Edition),22/10/2012,2,1RvQQGwaPipiNgz8RXAKA8,spotify:track:1RvQQGwaPipiNgz8RXAKA8
389,Treacherous,Red (Deluxe Edition),22/10/2012,3,0XfOV7qY3834QpFVwOb6CC,spotify:track:0XfOV7qY3834QpFVwOb6CC
390,I Knew You Were Trouble.,Red (Deluxe Edition),22/10/2012,4,0ciHz919LVKoH4zgxyMPZ9,spotify:track:0ciHz919LVKoH4zgxyMPZ9
391,All Too Well,Red (Deluxe Edition),22/10/2012,5,1q3RiD1tIWUpGsNFADMlvl,spotify:track:1q3RiD1tIWUpGsNFADMlvl
392,22,Red (Deluxe Edition),22/10/2012,6,3bIxTsfeNMO7Nt2J3EUKrA,spotify:track:3bIxTsfeNMO7Nt2J3EUKrA
393,I Almost Do,Red (Deluxe Edition),22/10/2012,7,31pEV5lPJi7btskZoUr2yu,spotify:track:31pEV5lPJi7btskZoUr2yu
394,We Are Never Ever Getting Back Together,Red (Deluxe Edition),22/10/2012,8,1OYARuagDrpgNNQ4loO1Cs,spotify:track:1OYARuagDrpgNNQ4loO1Cs
395,Stay Stay Stay,Red (Deluxe Edition),22/10/2012,9,1x0J8LFX23d5h1zzuzZorc,spotify:track:1x0J8LFX23d5h1zzuzZorc
396,The Last Time,Red (Deluxe Edition),22/10/2012,10,7vvIpJZye5cRR6De1LKM0m,spotify:track:7vvIpJZye5cRR6De1LKM0m
397,Holy Ground,Red (Deluxe Edition),22/10/2012,11,5d2Kn9oAAh9S2EbyCo1i52,spotify:track:5d2Kn9oAAh9S2EbyCo1i52
398,Sad Beautiful Tragic,Red (Deluxe Edition),22/10/2012,12,5QKhg4r4Ibt0LVTmWEXTEg,spotify:track:5QKhg4r4Ibt0LVTmWEXTEg
399,The Lucky One,Red (Deluxe Edition),22/10/2012,13,2wtHlpYSgC7xEdD3DrSHNL,spotify:track:2wtHlpYSgC7xEdD3DrSHNL
400,Everything Has Changed,Red (Deluxe Edition),22/10/2012,14,7gdwoOmi258QJq0hmQ4hto,spotify:track:7gdwoOmi258QJq0hmQ4hto
401,Starlight,Red (Deluxe Edition),22/10/2012,15,0vqI4ZIMuifeKeItGiWbPj,spotify:track:0vqI4ZIMuifeKeItGiWbPj
402,Begin Again,Red (Deluxe Edition),22/10/2012,16,48A0aShHlovDfTMucMrE66,spotify:track:48A0aShHlovDfTMucMrE66
403,The Moment I Knew,Red (Deluxe Edition),22/10/2012,17,5AsmAjBSSQjRPWgAYIp8tm,spotify:track:5AsmAjBSSQjRPWgAYIp8tm
404,Come Back...Be Here,Red (Deluxe Edition),22/10/2012,18,4qyalTRMRH5YuEntvvMvq0,spotify:track:4qyalTRMRH5YuEntvvMvq0
405,Girl At Home,Red (Deluxe Edition),22/10/2012,19,6cf6rLb8qcklvJv90W6HCW,spotify:track:6cf6rLb8qcklvJv90W6HCW
406,Treacherous - Original Demo Recording,Red (Deluxe Edition),22/10/2012,20,7BT9K9BDqq6HI2oWH5UMZQ,spotify:track:7BT9K9BDqq6HI2oWH5UMZQ
407,Red - Original Demo Recording,Red (Deluxe Edition),22/10/2012,21,4mqgn90sCeVSYqcoftTQTd,spotify:track:4mqgn90sCeVSYqcoftTQTd
408,State Of Grace - Acoustic,Red (Deluxe Edition),22/10/2012,22,5G9AVKld9q7DCrmoY42raf,spotify:track:5G9AVKld9q7DCrmoY42raf
409,State Of Grace,Red,22/10/2012,1,786NsUYn4GGUf8AOt0SQhP,spotify:track:786NsUYn4GGUf8AOt0SQhP
410,Red,Red,22/10/2012,2,0cITLOYn1Sv4q27zZPqlNK,spotify:track:0cITLOYn1Sv4q27zZPqlNK
411,Treacherous,Red,22/10/2012,3,5kYFVSQoPu7yRpfiHBwMUk,spotify:track:5kYFVSQoPu7yRpfiHBwMUk
412,I Knew You Were Trouble.,Red,22/10/2012,4,72jCZdH0Lhg93z6Z4hBjgj,spotify:track:72jCZdH0Lhg93z6Z4hBjgj
413,All Too Well,Red,22/10/2012,5,4XMP3zVxrnr58T0tjIHvpR,spotify:track:4XMP3zVxrnr58T0tjIHvpR
414,22,Red,22/10/2012,6,2ULNeSomDxVNmdDy8VxEBU,spotify:track:2ULNeSomDxVNmdDy8VxEBU
415,I Almost Do,Red,22/10/2012,7,5VwFkx7JOimOGTYfha5rs1,spotify:track:5VwFkx7JOimOGTYfha5rs1
416,We Are Never Ever Getting Back Together,Red,22/10/2012,8,7AEAGTc8cReDqcbPoY9gwo,spotify:track:7AEAGTc8cReDqcbPoY9gwo
417,Stay Stay Stay,Red,22/10/2012,9,1qLeEu4iXEclkLwoBlMiou,spotify:track:1qLeEu4iXEclkLwoBlMiou
418,The Last Time,Red,22/10/2012,10,3n9mzjgAzjyKawvbHzciXF,spotify:track:3n9mzjgAzjyKawvbHzciXF
419,Holy Ground,Red,22/10/2012,11,1fGsZsIkQkOspfsT24nQP6,spotify:track:1fGsZsIkQkOspfsT24nQP6
420,Sad Beautiful Tragic,Red,22/10/2012,12,6LKjHhOW1az75pCQ9XJJtF,spotify:track:6LKjHhOW1az75pCQ9XJJtF
421,The Lucky One,Red,22/10/2012,13,2X2J0BhxaLTmnxO4pPUhSd,spotify:track:2X2J0BhxaLTmnxO4pPUhSd
422,Everything Has Changed,Red,22/10/2012,14,4NAmRvqSITAAzKWnC8yRq3,spotify:track:4NAmRvqSITAAzKWnC8yRq3
423,Starlight,Red,22/10/2012,15,7MecVsMj22MneZt7kVFaCr,spotify:track:7MecVsMj22MneZt7kVFaCr
424,Begin Again,Red,22/10/2012,16,0L4YCNRfXAoTvdpWeH2RGj,spotify:track:0L4YCNRfXAoTvdpWeH2RGj
425,Sparks Fly - Live/2011,Speak Now World Tour Live,25/10/2010,1,1aBJNc2thaKyh5THWzIqHX,spotify:track:1aBJNc2thaKyh5THWzIqHX
426,Mine - Live/2011,Speak Now World Tour Live,25/10/2010,2,7yndkPYP6YQQLBpPsizDfh,spotify:track:7yndkPYP6YQQLBpPsizDfh
427,The Story Of Us - Live,Speak Now World Tour Live,25/10/2010,3,72GIZuUXo14oyrS0si3Rgc,spotify:track:72GIZuUXo14oyrS0si3Rgc
428,Mean - Live/2011,Speak Now World Tour Live,25/10/2010,4,7mFiEij8AXPUZB7aKLbUlQ,spotify:track:7mFiEij8AXPUZB7aKLbUlQ
429,Ours - Live/2011,Speak Now World Tour Live,25/10/2010,5,68QyrSzpnoU04AAhE5z8lj,spotify:track:68QyrSzpnoU04AAhE5z8lj
430,Back To December/Apologize/You're Not Sorry - Live/2011/Medley,Speak Now World Tour Live,25/10/2010,6,1IsquhJFJ0qcFZI7FeAEuN,spotify:track:1IsquhJFJ0qcFZI7FeAEuN
431,Better Than Revenge - Live/2011,Speak Now World Tour Live,25/10/2010,7,6505MLhnqTDDg4tjoUz2Wp,spotify:track:6505MLhnqTDDg4tjoUz2Wp
432,Speak Now - Live/2011,Speak Now World Tour Live,25/10/2010,8,3QFB14MOUf3imlyISNmrbT,spotify:track:3QFB14MOUf3imlyISNmrbT
433,Last Kiss - Live/2011,Speak Now World Tour Live,25/10/2010,9,6hH37tyeRdyan1mAppmVor,spotify:track:6hH37tyeRdyan1mAppmVor
434,Drops Of Jupiter - Live/2011,Speak Now World Tour Live,25/10/2010,10,0BSmbCIY36iw04azzJ3S0S,spotify:track:0BSmbCIY36iw04azzJ3S0S
435,Bette Davis Eyes - Live/2011,Speak Now World Tour Live,25/10/2010,11,6KF9xd2hBLuexrmBX4vUWD,spotify:track:6KF9xd2hBLuexrmBX4vUWD
436,I Want You Back - Live/2011,Speak Now World Tour Live,25/10/2010,12,4KB3zBArZ1rHRExilzycaV,spotify:track:4KB3zBArZ1rHRExilzycaV
437,Dear John - Live/2011,Speak Now World Tour Live,25/10/2010,13,4DbI1rr4IQ2bc8nejy9ttd,spotify:track:4DbI1rr4IQ2bc8nejy9ttd
438,Enchanted - Live/2011,Speak Now World Tour Live,25/10/2010,14,3lm4L3pPL32PFy74dR17OR,spotify:track:3lm4L3pPL32PFy74dR17OR
439,Haunted - Live/2011,Speak Now World Tour Live,25/10/2010,15,6znB7YZhMJT2B83zfbiyLq,spotify:track:6znB7YZhMJT2B83zfbiyLq
440,Long Live - Live/2011,Speak Now World Tour Live,25/10/2010,16,5QkzyLUb4ggojNDp8G2OxX,spotify:track:5QkzyLUb4ggojNDp8G2OxX
441,Mine,Speak Now (Deluxe Edition),25/10/2010,1,6LZaxlycSWrJZ4Volb25qx,spotify:track:6LZaxlycSWrJZ4Volb25qx
442,Sparks Fly,Speak Now (Deluxe Edition),25/10/2010,2,1q8E1FfFuhd12c5JcJwPxQ,spotify:track:1q8E1FfFuhd12c5JcJwPxQ
443,Back To December,Speak Now (Deluxe Edition),25/10/2010,3,7lxADouiWFkwR7ZV2GKUcH,spotify:track:7lxADouiWFkwR7ZV2GKUcH
444,Speak Now,Speak Now (Deluxe Edition),25/10/2010,4,1nYWTzy5zu3zEPNgB1sItW,spotify:track:1nYWTzy5zu3zEPNgB1sItW
445,Dear John,Speak Now (Deluxe Edition),25/10/2010,5,1ubvV5ECkm6nSI6g1HmbBK,spotify:track:1ubvV5ECkm6nSI6g1HmbBK
446,Mean,Speak Now (Deluxe Edition),25/10/2010,6,4N60XfcTE1ysLZGbYgnYXq,spotify:track:4N60XfcTE1ysLZGbYgnYXq
447,The Story Of Us,Speak Now (Deluxe Edition),25/10/2010,7,19tHCfzUSoy5HkpxcmbA0A,spotify:track:19tHCfzUSoy5HkpxcmbA0A
448,Never Grow Up,Speak Now (Deluxe Edition),25/10/2010,8,74WBGgUnpKrJXt6TETfR6Z,spotify:track:74WBGgUnpKrJXt6TETfR6Z
449,Enchanted,Speak Now (Deluxe Edition),25/10/2010,9,14LtANuaslKWyYbktUrHBU,spotify:track:14LtANuaslKWyYbktUrHBU
450,Better Than Revenge,Speak Now (Deluxe Edition),25/10/2010,10,1By2VQkUN0Frd8mKNV5NYC,spotify:track:1By2VQkUN0Frd8mKNV5NYC
451,Innocent,Speak Now (Deluxe Edition),25/10/2010,11,3kfgJql90tzgoxByioAMXR,spotify:track:3kfgJql90tzgoxByioAMXR
452,Haunted,Speak Now (Deluxe Edition),25/10/2010,12,11UaQaEp2LvdspTyyuE3ur,spotify:track:11UaQaEp2LvdspTyyuE3ur
453,Last Kiss,Speak Now (Deluxe Edition),25/10/2010,13,1D27z8xNzjW0Mwwt1NCWhJ,spotify:track:1D27z8xNzjW0Mwwt1NCWhJ
454,Long Live,Speak Now (Deluxe Edition),25/10/2010,14,7DjCRhhFo9PPzca1BjMLcf,spotify:track:7DjCRhhFo9PPzca1BjMLcf
455,Ours,Speak Now (Deluxe Edition),25/10/2010,15,1EQn3Uc5AyUXoiPLeyCrrg,spotify:track:1EQn3Uc5AyUXoiPLeyCrrg
456,If This Was A Movie,Speak Now (Deluxe Edition),25/10/2010,16,0vvt4IZOMkRug195S4MUq0,spotify:track:0vvt4IZOMkRug195S4MUq0
457,Superman,Speak Now (Deluxe Edition),25/10/2010,17,2R7C9dDqv1UPycvepBFziA,spotify:track:2R7C9dDqv1UPycvepBFziA
458,Back To December - Acoustic,Speak Now (Deluxe Edition),25/10/2010,18,6IH2Z54gYPLqgJtxZjX80i,spotify:track:6IH2Z54gYPLqgJtxZjX80i
459,Haunted - Acoustic Version,Speak Now (Deluxe Edition),25/10/2010,19,62rlxI6g2PNaWsHoiRryto,spotify:track:62rlxI6g2PNaWsHoiRryto
460,Mine - POP Mix,Speak Now (Deluxe Edition),25/10/2010,20,0fAbfDiuQiUwV7FUcFfRGY,spotify:track:0fAbfDiuQiUwV7FUcFfRGY
461,Mine,Speak Now,25/10/2010,1,0dBW6ZsW8skfvoRfgeerBF,spotify:track:0dBW6ZsW8skfvoRfgeerBF
462,Sparks Fly,Speak Now,25/10/2010,2,6d9IiDcFxtFVIvt9pCqyGH,spotify:track:6d9IiDcFxtFVIvt9pCqyGH
463,Back To December,Speak Now,25/10/2010,3,3DrjZArsPsoqbLzUZZV1Id,spotify:track:3DrjZArsPsoqbLzUZZV1Id
464,Speak Now,Speak Now,25/10/2010,4,24DefNCFiWTP8OjYWiXuYe,spotify:track:24DefNCFiWTP8OjYWiXuYe
465,Dear John,Speak Now,25/10/2010,5,7hZuICN5eaCuQyp443RCt6,spotify:track:7hZuICN5eaCuQyp443RCt6
466,Mean,Speak Now,25/10/2010,6,5yEPktRqvIhko5QFF3aBhQ,spotify:track:5yEPktRqvIhko5QFF3aBhQ
467,The Story Of Us,Speak Now,25/10/2010,7,3RBluWmSoG2pGA1OePzGJI,spotify:track:3RBluWmSoG2pGA1OePzGJI
468,Never Grow Up,Speak Now,25/10/2010,8,1wJL1A0QUHJPf2cm7tsrdw,spotify:track:1wJL1A0QUHJPf2cm7tsrdw
469,Enchanted,Speak Now,25/10/2010,9,10eBRyImhfqVvkiVEGf0N0,spotify:track:10eBRyImhfqVvkiVEGf0N0
470,Better Than Revenge,Speak Now,25/10/2010,10,2ythurkTtSiyfK7GprJoFW,spotify:track:2ythurkTtSiyfK7GprJoFW
471,Innocent,Speak Now,25/10/2010,11,5GPwN5iZ9ZMSXAkppj4Uvv,spotify:track:5GPwN5iZ9ZMSXAkppj4Uvv
472,Haunted,Speak Now,25/10/2010,12,28M2gifMU282QBM3fKajIS,spotify:track:28M2gifMU282QBM3fKajIS
473,Last Kiss,Speak Now,25/10/2010,13,4h0EXpatqJImv4VRgvX6po,spotify:track:4h0EXpatqJImv4VRgvX6po
474,Long Live,Speak Now,25/10/2010,14,6XDBA3QWX51lDJ0oZbaJJN,spotify:track:6XDBA3QWX51lDJ0oZbaJJN
475,Jump Then Fall,Fearless Platinum Edition,11/11/2008,1,08gavXombT6KR0af88i9tA,spotify:track:08gavXombT6KR0af88i9tA
476,Untouchable,Fearless Platinum Edition,11/11/2008,2,2IZ00ed83ygPIiacYScWUE,spotify:track:2IZ00ed83ygPIiacYScWUE
477,Forever & Always - Piano Version,Fearless Platinum Edition,11/11/2008,3,46HGgtwmmuEB8mvDCyjyAc,spotify:track:46HGgtwmmuEB8mvDCyjyAc
478,Come In With The Rain,Fearless Platinum Edition,11/11/2008,4,4pl5zcqCv4vc3cB7M4MZ6f,spotify:track:4pl5zcqCv4vc3cB7M4MZ6f
479,SuperStar,Fearless Platinum Edition,11/11/2008,5,14Bljc3pOOG0xQX3wqhLN9,spotify:track:14Bljc3pOOG0xQX3wqhLN9
480,The Other Side Of The Door,Fearless Platinum Edition,11/11/2008,6,0xvsgzM8AtBtRHZm5rav8A,spotify:track:0xvsgzM8AtBtRHZm5rav8A
481,Fearless,Fearless Platinum Edition,11/11/2008,7,3F6czr26ZwGU5O5CHY04Ma,spotify:track:3F6czr26ZwGU5O5CHY04Ma
482,Fifteen,Fearless Platinum Edition,11/11/2008,8,3M0w3fhdXByHLCNAoi5c9G,spotify:track:3M0w3fhdXByHLCNAoi5c9G
483,Love Story,Fearless Platinum Edition,11/11/2008,9,0kN3oXYWWAk1uC0y2WoyOE,spotify:track:0kN3oXYWWAk1uC0y2WoyOE
484,Hey Stephen,Fearless Platinum Edition,11/11/2008,10,6wcFdMmiDscAhZJrcVFumx,spotify:track:6wcFdMmiDscAhZJrcVFumx
485,White Horse,Fearless Platinum Edition,11/11/2008,11,4jPtq9shRdUv8Zjr0a5xkD,spotify:track:4jPtq9shRdUv8Zjr0a5xkD
486,You Belong With Me,Fearless Platinum Edition,11/11/2008,12,3as6Wz3mwbTnusWhZjTUNr,spotify:track:3as6Wz3mwbTnusWhZjTUNr
487,Breathe,Fearless Platinum Edition,11/11/2008,13,6S9G7J3EB1ZY0rrZPwsBg5,spotify:track:6S9G7J3EB1ZY0rrZPwsBg5
488,Tell Me Why,Fearless Platinum Edition,11/11/2008,14,4XrP7vKBjKLEYlRZdb0Ygr,spotify:track:4XrP7vKBjKLEYlRZdb0Ygr
489,You're Not Sorry,Fearless Platinum Edition,11/11/2008,15,6HWYtS215rxaaMjvpyG18W,spotify:track:6HWYtS215rxaaMjvpyG18W
490,The Way I Loved You,Fearless Platinum Edition,11/11/2008,16,77VotUUL79U10TAnYdqwvr,spotify:track:77VotUUL79U10TAnYdqwvr
491,Forever & Always,Fearless Platinum Edition,11/11/2008,17,1zxrcAk6eiytfavqriMcKT,spotify:track:1zxrcAk6eiytfavqriMcKT
492,The Best Day,Fearless Platinum Edition,11/11/2008,18,5YbZZ2gYfvW1UvHHF4pVaD,spotify:track:5YbZZ2gYfvW1UvHHF4pVaD
493,Change,Fearless Platinum Edition,11/11/2008,19,0RdcBnAXyH2YZZvcBVu2k6,spotify:track:0RdcBnAXyH2YZZvcBVu2k6
494,Fearless,Fearless,11/11/2008,1,6Eu31gddWw0gOGO506pJYA,spotify:track:6Eu31gddWw0gOGO506pJYA
495,Fifteen,Fearless,11/11/2008,2,4t0OI7XrODjSkAu3bTPmWj,spotify:track:4t0OI7XrODjSkAu3bTPmWj
496,Love Story,Fearless,11/11/2008,3,1vrd6UOGamcKNGnSHJQlSt,spotify:track:1vrd6UOGamcKNGnSHJQlSt
497,Hey Stephen,Fearless,11/11/2008,4,4WXzzCof26KJLTK5kK53dS,spotify:track:4WXzzCof26KJLTK5kK53dS
498,White Horse,Fearless,11/11/2008,5,6wn61Fzx9XMxQmieLpoIhW,spotify:track:6wn61Fzx9XMxQmieLpoIhW
499,You Belong With Me,Fearless,11/11/2008,6,3GCL1PydwsLodcpv0Ll1ch,spotify:track:3GCL1PydwsLodcpv0Ll1ch
500,Breathe,Fearless,11/11/2008,7,49mWEy5MgtNujgT7xU3emT,spotify:track:49mWEy5MgtNujgT7xU3emT
501,Tell Me Why,Fearless,11/11/2008,8,3rnI1UCyGJvUTVvT97VQr5,spotify:track:3rnI1UCyGJvUTVvT97VQr5
502,You're Not Sorry,Fearless,11/11/2008,9,0HmCuN0Z3OX1Qrz43FLOPL,spotify:track:0HmCuN0Z3OX1Qrz43FLOPL
503,The Way I Loved You,Fearless,11/11/2008,10,5P4wWhUYWM0IaVYLuZxdar,spotify:track:5P4wWhUYWM0IaVYLuZxdar
504,Forever & Always,Fearless,11/11/2008,11,47HtKpfzpAt8rQjjXWotFj,spotify:track:47HtKpfzpAt8rQjjXWotFj
505,The Best Day,Fearless,11/11/2008,12,3esA216TyLHEkNiBCeCmcg,spotify:track:3esA216TyLHEkNiBCeCmcg
506,Change,Fearless,11/11/2008,13,1yACRKAwlXWhXXFUSkvzhD,spotify:track:1yACRKAwlXWhXXFUSkvzhD
507,Love Story - Live From Clear Channel Stripped 2008,Live From Clear Channel Stripped 2008,28/06/2008,1,4RBKAqJ3qyvvriDG0s9IJ3,spotify:track:4RBKAqJ3qyvvriDG0s9IJ3
508,Fearless - Live From Clear Channel Stripped 2008,Live From Clear Channel Stripped 2008,28/06/2008,2,5g7RMU3cV7zXWH244BLe7G,spotify:track:5g7RMU3cV7zXWH244BLe7G
509,Beautiful Eyes - Live From Clear Channel Stripped 2008,Live From Clear Channel Stripped 2008,28/06/2008,3,4aBW31cmkA7BLColUsMEeZ,spotify:track:4aBW31cmkA7BLColUsMEeZ
510,Untouchable - Live From Clear Channel Stripped 2008,Live From Clear Channel Stripped 2008,28/06/2008,4,4MbHDiHQjhmoVAV75G04Ql,spotify:track:4MbHDiHQjhmoVAV75G04Ql
511,Teardrops On My Guitar - Live From Clear Channel Stripped 2008,Live From Clear Channel Stripped 2008,28/06/2008,5,4DjevQhsPWULcondN4mRh5,spotify:track:4DjevQhsPWULcondN4mRh5
512,Picture To Burn - Live From Clear Channel Stripped 2008,Live From Clear Channel Stripped 2008,28/06/2008,6,7EvU9pRoJ9Xs7anx0P7tEc,spotify:track:7EvU9pRoJ9Xs7anx0P7tEc
513,Should've Said No - Live From Clear Channel Stripped 2008,Live From Clear Channel Stripped 2008,28/06/2008,7,5a9hUL6ZuiagZhazwrtwHF,spotify:track:5a9hUL6ZuiagZhazwrtwHF
514,Change - Live From Clear Channel Stripped 2008,Live From Clear Channel Stripped 2008,28/06/2008,8,69o9kr9UexjzeZDE8yD8dQ,spotify:track:69o9kr9UexjzeZDE8yD8dQ
515,Tim McGraw,Taylor Swift,24/10/2006,1,0Om9WAB5RS09L80DyOfTNa,spotify:track:0Om9WAB5RS09L80DyOfTNa
516,Picture To Burn,Taylor Swift,24/10/2006,2,32mVHdy0bi1XKgr0ajsBlG,spotify:track:32mVHdy0bi1XKgr0ajsBlG
517,Teardrops On My Guitar - Radio Single Remix,Taylor Swift,24/10/2006,3,7zMcNqs55Mxer82bvZFkpg,spotify:track:7zMcNqs55Mxer82bvZFkpg
518,A Place in this World,Taylor Swift,24/10/2006,4,73OX8GdpOeGzKC6OvGSbsv,spotify:track:73OX8GdpOeGzKC6OvGSbsv
519,Cold As You,Taylor Swift,24/10/2006,5,7an1exwMnfYRcdVQm0yDev,spotify:track:7an1exwMnfYRcdVQm0yDev
520,The Outside,Taylor Swift,24/10/2006,6,2QA3IixpRcKyOdG7XDzRgv,spotify:track:2QA3IixpRcKyOdG7XDzRgv
521,Tied Together with a Smile,Taylor Swift,24/10/2006,7,6K0CJLVXqbGMeJSmJ4ENKK,spotify:track:6K0CJLVXqbGMeJSmJ4ENKK
522,Stay Beautiful,Taylor Swift,24/10/2006,8,2ZoOmCSgj0ypVAmGd1ve4y,spotify:track:2ZoOmCSgj0ypVAmGd1ve4y
523,Should've Said No,Taylor Swift,24/10/2006,9,16MVSD0mGI4RMQT83Qzm69,spotify:track:16MVSD0mGI4RMQT83Qzm69
524,Mary's Song (Oh My My My),Taylor Swift,24/10/2006,10,2QrQCMel6v2JiLxqrg4p2O,spotify:track:2QrQCMel6v2JiLxqrg4p2O
525,Our Song,Taylor Swift,24/10/2006,11,15DeqWWQB4dcEWzJg15VrN,spotify:track:15DeqWWQB4dcEWzJg15VrN
526,I'm Only Me When I'm With You,Taylor Swift,24/10/2006,12,0JIdBrXGSJXS72zjF9ss9u,spotify:track:0JIdBrXGSJXS72zjF9ss9u
527,Invisible,Taylor Swift,24/10/2006,13,5OOd01o2YS1QFwdpVLds3r,spotify:track:5OOd01o2YS1QFwdpVLds3r
528,A Perfectly Good Heart,Taylor Swift,24/10/2006,14,1spLfUJxtyVyiKKTegQ2r4,spotify:track:1spLfUJxtyVyiKKTegQ2r4
529,Teardrops on My Guitar - Pop Version,Taylor Swift,24/10/2006,15,4pJi1rVt9GNegU9kywjg4z,spotify:track:4pJi1rVt9GNegU9kywjg4z
